file,stem_lower,ext
1BRG01.BSI,1brg01,.bsi
1BRG02.BSI,1brg02,.bsi
1CNT01.BSI,1cnt01,.bsi
1CNT02.BSI,1cnt02,.bsi
1CNT03.BSI,1cnt03,.bsi
1CNT04.BSI,1cnt04,.bsi
1CNT05.BSI,1cnt05,.bsi
1CNT06.BSI,1cnt06,.bsi
1CTBOX.BSI,1ctbox,.bsi
1CTRL1.BSI,1ctrl1,.bsi
1DEC01.BSI,1dec01,.bsi
1DEM01.BSI,1dem01,.bsi
1DEM02.BSI,1dem02,.bsi
1DEM03.BSI,1dem03,.bsi
1DOOR1.BSI,1door1,.bsi
1FLR01.BSI,1flr01,.bsi
1GAUG.BSI,1gaug,.bsi
1GRIL.BSI,1gril,.bsi
1HWALL.BSI,1hwall,.bsi
1MAR01.BSI,1mar01,.bsi
1MAR02.BSI,1mar02,.bsi
1MUD00.BSI,1mud00,.bsi
1PAN01.BSI,1pan01,.bsi
1PAN02.BSI,1pan02,.bsi
1PANEL.BSI,1panel,.bsi
1PLAT1.BSI,1plat1,.bsi
1PLAT2.BSI,1plat2,.bsi
1PLAT3.BSI,1plat3,.bsi
1PLT00.BSI,1plt00,.bsi
1PLT01.BSI,1plt01,.bsi
1ROP01.BSI,1rop01,.bsi
1ROP02.BSI,1rop02,.bsi
1RUG01.BSI,1rug01,.bsi
1RUG02.BSI,1rug02,.bsi
1WAL01.BSI,1wal01,.bsi
1WAL02.BSI,1wal02,.bsi
1WAL03.BSI,1wal03,.bsi
1WAL04.BSI,1wal04,.bsi
1WAL05.BSI,1wal05,.bsi
1WAL06.BSI,1wal06,.bsi
1WAL07.BSI,1wal07,.bsi
1WAL08.BSI,1wal08,.bsi
1WALL1.BSI,1wall1,.bsi
1WALL2.BSI,1wall2,.bsi
1WARN1.BSI,1warn1,.bsi
4D.BSI,4d,.bsi
4D2.BSI,4d2,.bsi
4K.BSI,4k,.bsi
4K2.BSI,4k2,.bsi
4S.BSI,4s,.bsi
4S2.BSI,4s2,.bsi
4SS.BSI,4ss,.bsi
4U.BSI,4u,.bsi
4U2.BSI,4u2,.bsi
6BGDR1.BSI,6bgdr1,.bsi
6BGDR2.BSI,6bgdr2,.bsi
ADR.TXT,adr,.txt
ALCV00.BSI,alcv00,.bsi
ALCV01.BSI,alcv01,.bsi
ALCV02.BSI,alcv02,.bsi
ALCV03.BSI,alcv03,.bsi
ALCV04.BSI,alcv04,.bsi
ALPH00.BSI,alph00,.bsi
ALPH01.BSI,alph01,.bsi
ALPH02.BSI,alph02,.bsi
ALPH03.BSI,alph03,.bsi
ALPH04.BSI,alph04,.bsi
ALPH05.BSI,alph05,.bsi
ALPH06.BSI,alph06,.bsi
ALPH07.BSI,alph07,.bsi
ALPH08.BSI,alph08,.bsi
ALPH09.BSI,alph09,.bsi
ALPH10.BSI,alph10,.bsi
ALPH11.BSI,alph11,.bsi
ALPH12.BSI,alph12,.bsi
ALPH13.BSI,alph13,.bsi
ALPH14.BSI,alph14,.bsi
ALPH15.BSI,alph15,.bsi
ALPH16.BSI,alph16,.bsi
ALPH17.BSI,alph17,.bsi
ALPH18.BSI,alph18,.bsi
ALPH19.BSI,alph19,.bsi
ALPH20.BSI,alph20,.bsi
ALPH21.BSI,alph21,.bsi
ALPH22.BSI,alph22,.bsi
ALPH23.BSI,alph23,.bsi
ALPH24.BSI,alph24,.bsi
ALTA01.BSI,alta01,.bsi
ALTA02.BSI,alta02,.bsi
ALTA03.BSI,alta03,.bsi
ALTA04.BSI,alta04,.bsi
ALTA05.BSI,alta05,.bsi
AMAP00.BSI,amap00,.bsi
ANVIL.BSI,anvil,.bsi
ANVTOP.BSI,anvtop,.bsi
ARCH00.BSI,arch00,.bsi
ARCH3.EXE,arch3,.exe
ARMOR1.BSI,armor1,.bsi
ARMOR2.BSI,armor2,.bsi
AXE001.BSI,axe001,.bsi
BACK00.BSI,back00,.bsi
BACK01.BSI,back01,.bsi
BACK02.BSI,back02,.bsi
BACK03.BSI,back03,.bsi
BACKSCRN.BSI,backscrn,.bsi
BALON.BSI,balon,.bsi
BARL00.BSI,barl00,.bsi
BARL01.BSI,barl01,.bsi
BARS00.BSI,bars00,.bsi
BASKET.BSI,basket,.bsi
BAST01.BSI,bast01,.bsi
BCKT00.BSI,bckt00,.bsi
BEDS00.BSI,beds00,.bsi
BEDS01.BSI,beds01,.bsi
BED_00.BSI,bed_00,.bsi
BELL.BSI,bell,.bsi
BELOW.BSI,below,.bsi
BEMRLD.BSI,bemrld,.bsi
BFEA00.BSI,bfea00,.bsi
BFEA01.BSI,bfea01,.bsi
BFEA02.BSI,bfea02,.bsi
BFEA03.BSI,bfea03,.bsi
BFEA04.BSI,bfea04,.bsi
BFEB00.BSI,bfeb00,.bsi
BFEB01.BSI,bfeb01,.bsi
BFEB02.BSI,bfeb02,.bsi
BFEB03.BSI,bfeb03,.bsi
BFEB04.BSI,bfeb04,.bsi
BFEC00.BSI,bfec00,.bsi
BFEC01.BSI,bfec01,.bsi
BFEC02.BSI,bfec02,.bsi
BFEC03.BSI,bfec03,.bsi
BFEC04.BSI,bfec04,.bsi
BFED00.BSI,bfed00,.bsi
BFED01.BSI,bfed01,.bsi
BFED02.BSI,bfed02,.bsi
BFED03.BSI,bfed03,.bsi
BFED04.BSI,bfed04,.bsi
BFEE00.BSI,bfee00,.bsi
BFEE01.BSI,bfee01,.bsi
BFEE02.BSI,bfee02,.bsi
BFEE03.BSI,bfee03,.bsi
BFEE04.BSI,bfee04,.bsi
BFEJ00.BSI,bfej00,.bsi
BFEJ01.BSI,bfej01,.bsi
BFEJ02.BSI,bfej02,.bsi
BFEJ03.BSI,bfej03,.bsi
BFEJ04.BSI,bfej04,.bsi
BFER00.BSI,bfer00,.bsi
BFER01.BSI,bfer01,.bsi
BFER02.BSI,bfer02,.bsi
BFER03.BSI,bfer03,.bsi
BFER04.BSI,bfer04,.bsi
BFES00.BSI,bfes00,.bsi
BFES01.BSI,bfes01,.bsi
BFES02.BSI,bfes02,.bsi
BFES03.BSI,bfes03,.bsi
BFES04.BSI,bfes04,.bsi
BFET00.BSI,bfet00,.bsi
BFET01.BSI,bfet01,.bsi
BFET02.BSI,bfet02,.bsi
BFET03.BSI,bfet03,.bsi
BFET04.BSI,bfet04,.bsi
BFEW00.BSI,bfew00,.bsi
BFEW01.BSI,bfew01,.bsi
BFEW02.BSI,bfew02,.bsi
BFEW03.BSI,bfew03,.bsi
BFEW04.BSI,bfew04,.bsi
BFEZ00.BSI,bfez00,.bsi
BFEZ01.BSI,bfez01,.bsi
BFEZ02.BSI,bfez02,.bsi
BFEZ03.BSI,bfez03,.bsi
BFEZ04.BSI,bfez04,.bsi
BIP.BSI,bip,.bsi
BLACK.BSI,black,.bsi
BLADE1.BSI,blade1,.bsi
BLADE2.BSI,blade2,.bsi
BLANK.BSI,blank,.bsi
BLNK00.BSI,blnk00,.bsi
BLOCKED.BSI,blocked,.bsi
BLOD00.BSI,blod00,.bsi
BLOD90.BSI,blod90,.bsi
BLUEFLAG.BSI,blueflag,.bsi
BLUETEAM.BSI,blueteam,.bsi
BLUWAL.BSI,bluwal,.bsi
BMAA00.BSI,bmaa00,.bsi
BMAA01.BSI,bmaa01,.bsi
BMAA02.BSI,bmaa02,.bsi
BMAA03.BSI,bmaa03,.bsi
BMAA04.BSI,bmaa04,.bsi
BMAB00.BSI,bmab00,.bsi
BMAB01.BSI,bmab01,.bsi
BMAB02.BSI,bmab02,.bsi
BMAB03.BSI,bmab03,.bsi
BMAB04.BSI,bmab04,.bsi
BMAC00.BSI,bmac00,.bsi
BMAC01.BSI,bmac01,.bsi
BMAC02.BSI,bmac02,.bsi
BMAC03.BSI,bmac03,.bsi
BMAC04.BSI,bmac04,.bsi
BMAD00.BSI,bmad00,.bsi
BMAD01.BSI,bmad01,.bsi
BMAD02.BSI,bmad02,.bsi
BMAD03.BSI,bmad03,.bsi
BMAD04.BSI,bmad04,.bsi
BMAE00.BSI,bmae00,.bsi
BMAE01.BSI,bmae01,.bsi
BMAE02.BSI,bmae02,.bsi
BMAE03.BSI,bmae03,.bsi
BMAE04.BSI,bmae04,.bsi
BMAJ00.BSI,bmaj00,.bsi
BMAJ01.BSI,bmaj01,.bsi
BMAJ02.BSI,bmaj02,.bsi
BMAJ03.BSI,bmaj03,.bsi
BMAJ04.BSI,bmaj04,.bsi
BMAR00.BSI,bmar00,.bsi
BMAR01.BSI,bmar01,.bsi
BMAR02.BSI,bmar02,.bsi
BMAR03.BSI,bmar03,.bsi
BMAR04.BSI,bmar04,.bsi
BMAS00.BSI,bmas00,.bsi
BMAS01.BSI,bmas01,.bsi
BMAS02.BSI,bmas02,.bsi
BMAS03.BSI,bmas03,.bsi
BMAS04.BSI,bmas04,.bsi
BMAT00.BSI,bmat00,.bsi
BMAT01.BSI,bmat01,.bsi
BMAT02.BSI,bmat02,.bsi
BMAT03.BSI,bmat03,.bsi
BMAT04.BSI,bmat04,.bsi
BMAW00.BSI,bmaw00,.bsi
BMAW01.BSI,bmaw01,.bsi
BMAW02.BSI,bmaw02,.bsi
BMAW03.BSI,bmaw03,.bsi
BMAW04.BSI,bmaw04,.bsi
BMAZ00.BSI,bmaz00,.bsi
BMAZ01.BSI,bmaz01,.bsi
BMAZ02.BSI,bmaz02,.bsi
BMAZ03.BSI,bmaz03,.bsi
BMAZ04.BSI,bmaz04,.bsi
BOARDS.BSI,boards,.bsi
BOK2.BSI,bok2,.bsi
BOK3.BSI,bok3,.bsi
BONE00.BSI,bone00,.bsi
BONE01.BSI,bone01,.bsi
BONE02.BSI,bone02,.bsi
BONE03.BSI,bone03,.bsi
BONE1.BSI,bone1,.bsi
BONE2.BSI,bone2,.bsi
BOOK.BSI,book,.bsi
BOOK00.BSI,book00,.bsi
BOOK01.BSI,book01,.bsi
BOOK02.BSI,book02,.bsi
BOOK03.BSI,book03,.bsi
BOOK2.BSI,book2,.bsi
BOOK3.BSI,book3,.bsi
BOOKMN.BSI,bookmn,.bsi
BOOKS01.BSI,books01,.bsi
BOOKS02.BSI,books02,.bsi
BOOKS03.BSI,books03,.bsi
BOOT00.BSI,boot00,.bsi
BOOT01.BSI,boot01,.bsi
BOOT02.BSI,boot02,.bsi
BOOT03.BSI,boot03,.bsi
BOOT04.BSI,boot04,.bsi
BOOT05.BSI,boot05,.bsi
BOOTS.BSI,boots,.bsi
BOTL00.BSI,botl00,.bsi
BOTL01.BSI,botl01,.bsi
BOTL02.BSI,botl02,.bsi
BOTL03.BSI,botl03,.bsi
BOTL04.BSI,botl04,.bsi
BOTL05.BSI,botl05,.bsi
BOTL06.BSI,botl06,.bsi
BRDG00.BSI,brdg00,.bsi
BRDG01.BSI,brdg01,.bsi
BRDG02.BSI,brdg02,.bsi
BRDG03.BSI,brdg03,.bsi
BRDG04.BSI,brdg04,.bsi
BRDG05.BSI,brdg05,.bsi
BRDG06.BSI,brdg06,.bsi
BRDG07.BSI,brdg07,.bsi
BRDG08.BSI,brdg08,.bsi
BRDG09.BSI,brdg09,.bsi
BRDG10.BSI,brdg10,.bsi
BRDG11.BSI,brdg11,.bsi
BRDR00.BSI,brdr00,.bsi
BRDR01.BSI,brdr01,.bsi
BRDR02.BSI,brdr02,.bsi
BRDR03.BSI,brdr03,.bsi
BRIK00.BSI,brik00,.bsi
BRIK01.BSI,brik01,.bsi
BSLF00.BSI,bslf00,.bsi
BSSKY.BSI,bssky,.bsi
BSSKY2.BSI,bssky2,.bsi
BSTART.BSI,bstart,.bsi
BUSH00.BSI,bush00,.bsi
BUTN1.BSI,butn1,.bsi
CAND1.BSI,cand1,.bsi
CAP1.BSI,cap1,.bsi
CAP2.BSI,cap2,.bsi
CAST00.BSI,cast00,.bsi
CAST01.BSI,cast01,.bsi
CAST02.BSI,cast02,.bsi
CAST03.BSI,cast03,.bsi
CAST04.BSI,cast04,.bsi
CATAB.BSI,catab,.bsi
CATB00.BSI,catb00,.bsi
CATB01.BSI,catb01,.bsi
CATB02.BSI,catb02,.bsi
CBNT00.BSI,cbnt00,.bsi
CBNT01.BSI,cbnt01,.bsi
CBNT02.BSI,cbnt02,.bsi
CEL,cel,
CELL02.BSI,cell02,.bsi
CELL03.BSI,cell03,.bsi
CELL04.BSI,cell04,.bsi
CELL05.BSI,cell05,.bsi
CHAR00.BSI,char00,.bsi
CHAR01.BSI,char01,.bsi
CHAR02.BSI,char02,.bsi
CHAR03.BSI,char03,.bsi
CHAR04.BSI,char04,.bsi
CHAR05.BSI,char05,.bsi
CHAR06.BSI,char06,.bsi
CHAR07.BSI,char07,.bsi
CHAR08.BSI,char08,.bsi
CHAR09.BSI,char09,.bsi
CHAR10.BSI,char10,.bsi
CHAR12.BSI,char12,.bsi
CHAR13.BSI,char13,.bsi
CHATBAR.BSI,chatbar,.bsi
CHECK.TXT,check,.txt
CHILDDEY.BSI,childdey,.bsi
CHILDFAY.BSI,childfay,.bsi
CHILDJAC.BSI,childjac,.bsi
CHIMERE.BSI,chimere,.bsi
CHKR.BSI,chkr,.bsi
CHST00.BSI,chst00,.bsi
CLARENTV.BSI,clarentv,.bsi
CLAS00.BSI,clas00,.bsi
CLAS01.BSI,clas01,.bsi
CLAY.BSI,clay,.bsi
CLAY01.BSI,clay01,.bsi
CLNA00.BSI,clna00,.bsi
CLNA01.BSI,clna01,.bsi
CLNA02.BSI,clna02,.bsi
CLNA03.BSI,clna03,.bsi
CLNA04.BSI,clna04,.bsi
CLND00.BSI,clnd00,.bsi
CLND01.BSI,clnd01,.bsi
CLND02.BSI,clnd02,.bsi
CLND03.BSI,clnd03,.bsi
CLND04.BSI,clnd04,.bsi
CLNS00.BSI,clns00,.bsi
CLNS01.BSI,clns01,.bsi
CLNS02.BSI,clns02,.bsi
CLNS03.BSI,clns03,.bsi
CLNS04.BSI,clns04,.bsi
CLNW00.BSI,clnw00,.bsi
CLNW01.BSI,clnw01,.bsi
CLNW02.BSI,clnw02,.bsi
CLNW03.BSI,clnw03,.bsi
CLNW04.BSI,clnw04,.bsi
CLOTH.BSI,cloth,.bsi
CLTH00.BSI,clth00,.bsi
CLTH01.BSI,clth01,.bsi
COFF01.BSI,coff01,.bsi
COFF03.BSI,coff03,.bsi
COMP00.BSI,comp00,.bsi
COMP01.BSI,comp01,.bsi
CONC.BSI,conc,.bsi
CONTROLS.BSI,controls,.bsi
CONT_BAR.BSI,cont_bar,.bsi
CORAL01.BSI,coral01,.bsi
CORAL02.BSI,coral02,.bsi
CORAL03.BSI,coral03,.bsi
CORAL04.BSI,coral04,.bsi
CORL01.BSI,corl01,.bsi
CORL02.BSI,corl02,.bsi
CORL03.BSI,corl03,.bsi
CORL04.BSI,corl04,.bsi
CORR00.BSI,corr00,.bsi
CORR01.BSI,corr01,.bsi
CORR02.BSI,corr02,.bsi
CORR03.BSI,corr03,.bsi
CORR04.BSI,corr04,.bsi
CORR05.BSI,corr05,.bsi
CORR06.BSI,corr06,.bsi
CORR07.BSI,corr07,.bsi
CORR08.BSI,corr08,.bsi
CORR09.BSI,corr09,.bsi
CORR10.BSI,corr10,.bsi
CORR11.BSI,corr11,.bsi
CORR12.BSI,corr12,.bsi
CORR13.BSI,corr13,.bsi
CORR14.BSI,corr14,.bsi
CORR15.BSI,corr15,.bsi
CORR16.BSI,corr16,.bsi
CORR17.BSI,corr17,.bsi
CORR18.BSI,corr18,.bsi
CORR19.BSI,corr19,.bsi
CORR20.BSI,corr20,.bsi
CORR21.BSI,corr21,.bsi
CORR22.BSI,corr22,.bsi
CORR23.BSI,corr23,.bsi
CORR24.BSI,corr24,.bsi
CORR25.BSI,corr25,.bsi
CORR26.BSI,corr26,.bsi
CORR27.BSI,corr27,.bsi
CORR28.BSI,corr28,.bsi
CORR29.BSI,corr29,.bsi
CORR30.BSI,corr30,.bsi
CORR31.BSI,corr31,.bsi
CORR32.BSI,corr32,.bsi
CORR33.BSI,corr33,.bsi
CORR34.BSI,corr34,.bsi
CORR35.BSI,corr35,.bsi
CORR36.BSI,corr36,.bsi
CORR37.BSI,corr37,.bsi
CORR38.BSI,corr38,.bsi
CORR39.BSI,corr39,.bsi
CORR40.BSI,corr40,.bsi
CORR41.BSI,corr41,.bsi
CORR42.BSI,corr42,.bsi
CORR43.BSI,corr43,.bsi
CORR44.BSI,corr44,.bsi
CORR45.BSI,corr45,.bsi
CORR46.BSI,corr46,.bsi
CORR47.BSI,corr47,.bsi
CORR48.BSI,corr48,.bsi
COVR00.BSI,covr00,.bsi
CRAT01.BSI,crat01,.bsi
CRAT02.BSI,crat02,.bsi
CRATE01.BSI,crate01,.bsi
CRATE02.BSI,crate02,.bsi
CSCR00.BSI,cscr00,.bsi
CSCR01.BSI,cscr01,.bsi
CURS00.BSI,curs00,.bsi
CURSOR.BSI,cursor,.bsi
CUT001.BSI,cut001,.bsi
CUT002.BSI,cut002,.bsi
CW.ERR,cw,.err
DAGON.BSI,dagon,.bsi
DEOF00.BSI,deof00,.bsi
DEOF01.BSI,deof01,.bsi
DEOF02.BSI,deof02,.bsi
DEON00.BSI,deon00,.bsi
DEON01.BSI,deon01,.bsi
DEON02.BSI,deon02,.bsi
DETH00.BSI,deth00,.bsi
DEYANIRA.BSI,deyanira,.bsi
DIREC0.BSI,direc0,.bsi
DIREC1.BSI,direc1,.bsi
DIREC2.BSI,direc2,.bsi
DIREC3.BSI,direc3,.bsi
DIREC4.BSI,direc4,.bsi
DIREC5.BSI,direc5,.bsi
DIREC6.BSI,direc6,.bsi
DIREC7.BSI,direc7,.bsi
DIREC8.BSI,direc8,.bsi
DLCT00.BSI,dlct00,.bsi
DLDA00.BSI,dlda00,.bsi
DLDA01.BSI,dlda01,.bsi
DLDA02.BSI,dlda02,.bsi
DLDA03.BSI,dlda03,.bsi
DLDA04.BSI,dlda04,.bsi
DLDD00.BSI,dldd00,.bsi
DLDD01.BSI,dldd01,.bsi
DLDD02.BSI,dldd02,.bsi
DLDD03.BSI,dldd03,.bsi
DLDD04.BSI,dldd04,.bsi
DLDS00.BSI,dlds00,.bsi
DLDS01.BSI,dlds01,.bsi
DLDS02.BSI,dlds02,.bsi
DLDS03.BSI,dlds03,.bsi
DLDS04.BSI,dlds04,.bsi
DLDW00.BSI,dldw00,.bsi
DLDW01.BSI,dldw01,.bsi
DLDW02.BSI,dldw02,.bsi
DLDW03.BSI,dldw03,.bsi
DLDW04.BSI,dldw04,.bsi
DLVR00.BSI,dlvr00,.bsi
DLVR01.BSI,dlvr01,.bsi
DLVR02.BSI,dlvr02,.bsi
DLVR03.BSI,dlvr03,.bsi
DLVR04.BSI,dlvr04,.bsi
DMARB.BSI,dmarb,.bsi
DOOR00.BSI,door00,.bsi
DOOR01.BSI,door01,.bsi
DOOR02.BSI,door02,.bsi
DOOR03.BSI,door03,.bsi
DOOR04.BSI,door04,.bsi
DOOR05.BSI,door05,.bsi
DOOR06.BSI,door06,.bsi
DOOR07.BSI,door07,.bsi
DOOR08.BSI,door08,.bsi
DOOR09.BSI,door09,.bsi
DOOR10.BSI,door10,.bsi
DRAIN.BSI,drain,.bsi
DRAW00.BSI,draw00,.bsi
DRAW01.BSI,draw01,.bsi
DRAW02.BSI,draw02,.bsi
DRAW03.BSI,draw03,.bsi
DREA00.BSI,drea00,.bsi
DREA01.BSI,drea01,.bsi
DREA02.BSI,drea02,.bsi
DREA03.BSI,drea03,.bsi
DREA04.BSI,drea04,.bsi
DREA90.BSI,drea90,.bsi
DREA91.BSI,drea91,.bsi
DREA92.BSI,drea92,.bsi
DREA93.BSI,drea93,.bsi
DREA94.BSI,drea94,.bsi
DRED00.BSI,dred00,.bsi
DRED01.BSI,dred01,.bsi
DRED02.BSI,dred02,.bsi
DRED03.BSI,dred03,.bsi
DRED04.BSI,dred04,.bsi
DRED90.BSI,dred90,.bsi
DRED91.BSI,dred91,.bsi
DRED92.BSI,dred92,.bsi
DRED93.BSI,dred93,.bsi
DRED94.BSI,dred94,.bsi
DRES00.BSI,dres00,.bsi
DRES01.BSI,dres01,.bsi
DRES02.BSI,dres02,.bsi
DRES03.BSI,dres03,.bsi
DRES04.BSI,dres04,.bsi
DRES90.BSI,dres90,.bsi
DRES91.BSI,dres91,.bsi
DRES92.BSI,dres92,.bsi
DRES93.BSI,dres93,.bsi
DRES94.BSI,dres94,.bsi
DREW00.BSI,drew00,.bsi
DREW01.BSI,drew01,.bsi
DREW02.BSI,drew02,.bsi
DREW03.BSI,drew03,.bsi
DREW04.BSI,drew04,.bsi
DREW90.BSI,drew90,.bsi
DREW91.BSI,drew91,.bsi
DREW92.BSI,drew92,.bsi
DREW93.BSI,drew93,.bsi
DREW94.BSI,drew94,.bsi
DRUM00.BSI,drum00,.bsi
DRUM01.BSI,drum01,.bsi
DSRA00.BSI,dsra00,.bsi
DSRA01.BSI,dsra01,.bsi
DSRA02.BSI,dsra02,.bsi
DSRA03.BSI,dsra03,.bsi
DSRA04.BSI,dsra04,.bsi
DSRD00.BSI,dsrd00,.bsi
DSRD01.BSI,dsrd01,.bsi
DSRD02.BSI,dsrd02,.bsi
DSRD03.BSI,dsrd03,.bsi
DSRD04.BSI,dsrd04,.bsi
DSRS00.BSI,dsrs00,.bsi
DSRS01.BSI,dsrs01,.bsi
DSRS02.BSI,dsrs02,.bsi
DSRS03.BSI,dsrs03,.bsi
DSRS04.BSI,dsrs04,.bsi
DSRW00.BSI,dsrw00,.bsi
DSRW01.BSI,dsrw01,.bsi
DSRW02.BSI,dsrw02,.bsi
DSRW03.BSI,dsrw03,.bsi
DSRW04.BSI,dsrw04,.bsi
EARTH4.BSI,earth4,.bsi
EARTH6.BSI,earth6,.bsi
EARTH8.BSI,earth8,.bsi
ELMT00.BSI,elmt00,.bsi
ELMT01.BSI,elmt01,.bsi
ELMT02.BSI,elmt02,.bsi
ELMT03.BSI,elmt03,.bsi
ELMT04.BSI,elmt04,.bsi
EMBACK.BSI,emback,.bsi
EMRLD.BSI,emrld,.bsi
ENERGY.BSI,energy,.bsi
ENGY01.BSI,engy01,.bsi
ENGY02.BSI,engy02,.bsi
EXIST0.BSI,exist0,.bsi
EXIT00.BSI,exit00,.bsi
EXPL00.BSI,expl00,.bsi
EXPL01.BSI,expl01,.bsi
EXPL02.BSI,expl02,.bsi
EXPL03.BSI,expl03,.bsi
EXPL04.BSI,expl04,.bsi
FACE00.BSI,face00,.bsi
FALL00.BSI,fall00,.bsi
FALL01.BSI,fall01,.bsi
FARMB300.BSI,farmb300,.bsi
FARMB301.BSI,farmb301,.bsi
FARMB302.BSI,farmb302,.bsi
FARMB303.BSI,farmb303,.bsi
FARMB304.BSI,farmb304,.bsi
FARMB305.BSI,farmb305,.bsi
FARMB306.BSI,farmb306,.bsi
FARMB307.BSI,farmb307,.bsi
FARMB308.BSI,farmb308,.bsi
FARMB309.BSI,farmb309,.bsi
FARMB310.BSI,farmb310,.bsi
FAYDRA.BSI,faydra,.bsi
FBHR01.BSI,fbhr01,.bsi
FBHR02.BSI,fbhr02,.bsi
FBHR03.BSI,fbhr03,.bsi
FBHR04.BSI,fbhr04,.bsi
FBIK01.BSI,fbik01,.bsi
FBIK02.BSI,fbik02,.bsi
FBOOT460.BSI,fboot460,.bsi
FBOOT461.BSI,fboot461,.bsi
FBOOT462.BSI,fboot462,.bsi
FBOOT463.BSI,fboot463,.bsi
FBOOT464.BSI,fboot464,.bsi
FBOOT465.BSI,fboot465,.bsi
FBOOT466.BSI,fboot466,.bsi
FBOOT467.BSI,fboot467,.bsi
FBOOT468.BSI,fboot468,.bsi
FBRBD001.BSI,fbrbd001,.bsi
FBRBD901.BSI,fbrbd901,.bsi
FBREY001.BSI,fbrey001,.bsi
FBREY002.BSI,fbrey002,.bsi
FBREY003.BSI,fbrey003,.bsi
FBREY004.BSI,fbrey004,.bsi
FBREY005.BSI,fbrey005,.bsi
FBREY006.BSI,fbrey006,.bsi
FBREY007.BSI,fbrey007,.bsi
FBREY008.BSI,fbrey008,.bsi
FBREY009.BSI,fbrey009,.bsi
FBREY010.BSI,fbrey010,.bsi
FBRHR000.BSI,fbrhr000,.bsi
FBRHR001.BSI,fbrhr001,.bsi
FBRHR002.BSI,fbrhr002,.bsi
FBRHR003.BSI,fbrhr003,.bsi
FBRHR004.BSI,fbrhr004,.bsi
FBRHR005.BSI,fbrhr005,.bsi
FBRHR006.BSI,fbrhr006,.bsi
FBRHR007.BSI,fbrhr007,.bsi
FBRHR008.BSI,fbrhr008,.bsi
FBRHR009.BSI,fbrhr009,.bsi
FBRHR010.BSI,fbrhr010,.bsi
FBRHR011.BSI,fbrhr011,.bsi
FBRHR012.BSI,fbrhr012,.bsi
FBRHR013.BSI,fbrhr013,.bsi
FBRHR014.BSI,fbrhr014,.bsi
FBRHR015.BSI,fbrhr015,.bsi
FBRHR016.BSI,fbrhr016,.bsi
FBRHR017.BSI,fbrhr017,.bsi
FBRHR018.BSI,fbrhr018,.bsi
FBRHR019.BSI,fbrhr019,.bsi
FBRHR020.BSI,fbrhr020,.bsi
FBRHR021.BSI,fbrhr021,.bsi
FBRHR022.BSI,fbrhr022,.bsi
FBRHR023.BSI,fbrhr023,.bsi
FBRMT001.BSI,fbrmt001,.bsi
FBRMT002.BSI,fbrmt002,.bsi
FBRMT003.BSI,fbrmt003,.bsi
FBRMT004.BSI,fbrmt004,.bsi
FBRMT005.BSI,fbrmt005,.bsi
FBRMT006.BSI,fbrmt006,.bsi
FBRMT007.BSI,fbrmt007,.bsi
FBRMT008.BSI,fbrmt008,.bsi
FBRMT009.BSI,fbrmt009,.bsi
FBRMT010.BSI,fbrmt010,.bsi
FBRST260.BSI,fbrst260,.bsi
FBRST261.BSI,fbrst261,.bsi
FBRST262.BSI,fbrst262,.bsi
FBRST263.BSI,fbrst263,.bsi
FBRST264.BSI,fbrst264,.bsi
FBRST265.BSI,fbrst265,.bsi
FBRST266.BSI,fbrst266,.bsi
FBRST267.BSI,fbrst267,.bsi
FBRST268.BSI,fbrst268,.bsi
FBRST269.BSI,fbrst269,.bsi
FBUSH1.BSI,fbush1,.bsi
FBUSH2.BSI,fbush2,.bsi
FBUSH3.BSI,fbush3,.bsi
FCAPE500.BSI,fcape500,.bsi
FCAPE501.BSI,fcape501,.bsi
FCAPE502.BSI,fcape502,.bsi
FDAA00.BSI,fdaa00,.bsi
FDAA01.BSI,fdaa01,.bsi
FDAA02.BSI,fdaa02,.bsi
FDAA03.BSI,fdaa03,.bsi
FDAA04.BSI,fdaa04,.bsi
FDAD00.BSI,fdad00,.bsi
FDAD01.BSI,fdad01,.bsi
FDAD02.BSI,fdad02,.bsi
FDAD03.BSI,fdad03,.bsi
FDAD04.BSI,fdad04,.bsi
FDAG01.BSI,fdag01,.bsi
FDAS00.BSI,fdas00,.bsi
FDAS01.BSI,fdas01,.bsi
FDAS02.BSI,fdas02,.bsi
FDAS03.BSI,fdas03,.bsi
FDAS04.BSI,fdas04,.bsi
FDAW00.BSI,fdaw00,.bsi
FDAW01.BSI,fdaw01,.bsi
FDAW02.BSI,fdaw02,.bsi
FDAW03.BSI,fdaw03,.bsi
FDAW04.BSI,fdaw04,.bsi
FDHR01.BSI,fdhr01,.bsi
FDKBD001.BSI,fdkbd001,.bsi
FDKBD901.BSI,fdkbd901,.bsi
FDKEY001.BSI,fdkey001,.bsi
FDKEY002.BSI,fdkey002,.bsi
FDKEY003.BSI,fdkey003,.bsi
FDKEY004.BSI,fdkey004,.bsi
FDKEY005.BSI,fdkey005,.bsi
FDKEY006.BSI,fdkey006,.bsi
FDKEY007.BSI,fdkey007,.bsi
FDKEY008.BSI,fdkey008,.bsi
FDKEY009.BSI,fdkey009,.bsi
FDKEY010.BSI,fdkey010,.bsi
FDKEY011.BSI,fdkey011,.bsi
FDKEY012.BSI,fdkey012,.bsi
FDKEY013.BSI,fdkey013,.bsi
FDKHR000.BSI,fdkhr000,.bsi
FDKHR001.BSI,fdkhr001,.bsi
FDKHR002.BSI,fdkhr002,.bsi
FDKHR003.BSI,fdkhr003,.bsi
FDKHR004.BSI,fdkhr004,.bsi
FDKHR005.BSI,fdkhr005,.bsi
FDKHR006.BSI,fdkhr006,.bsi
FDKHR007.BSI,fdkhr007,.bsi
FDKHR008.BSI,fdkhr008,.bsi
FDKHR009.BSI,fdkhr009,.bsi
FDKHR010.BSI,fdkhr010,.bsi
FDKHR011.BSI,fdkhr011,.bsi
FDKHR012.BSI,fdkhr012,.bsi
FDKHR013.BSI,fdkhr013,.bsi
FDKHR014.BSI,fdkhr014,.bsi
FDKHR015.BSI,fdkhr015,.bsi
FDKHR016.BSI,fdkhr016,.bsi
FDKHR017.BSI,fdkhr017,.bsi
FDKHR018.BSI,fdkhr018,.bsi
FDKHR019.BSI,fdkhr019,.bsi
FDKHR020.BSI,fdkhr020,.bsi
FDKHR021.BSI,fdkhr021,.bsi
FDKHR022.BSI,fdkhr022,.bsi
FDKHR023.BSI,fdkhr023,.bsi
FDKHR024.BSI,fdkhr024,.bsi
FDKHR025.BSI,fdkhr025,.bsi
FDKHR026.BSI,fdkhr026,.bsi
FDKHR027.BSI,fdkhr027,.bsi
FDKMT001.BSI,fdkmt001,.bsi
FDKMT002.BSI,fdkmt002,.bsi
FDKMT003.BSI,fdkmt003,.bsi
FDKMT004.BSI,fdkmt004,.bsi
FDKMT005.BSI,fdkmt005,.bsi
FDKMT006.BSI,fdkmt006,.bsi
FDKMT007.BSI,fdkmt007,.bsi
FDKMT008.BSI,fdkmt008,.bsi
FDKMT009.BSI,fdkmt009,.bsi
FDKMT010.BSI,fdkmt010,.bsi
FEMA00.BSI,fema00,.bsi
FEMA01.BSI,fema01,.bsi
FEMA02.BSI,fema02,.bsi
FEMA03.BSI,fema03,.bsi
FEMA04.BSI,fema04,.bsi
FEMS00.BSI,fems00,.bsi
FEMS01.BSI,fems01,.bsi
FEMS02.BSI,fems02,.bsi
FEMS03.BSI,fems03,.bsi
FEMS04.BSI,fems04,.bsi
FEMW00.BSI,femw00,.bsi
FEMW01.BSI,femw01,.bsi
FEMW02.BSI,femw02,.bsi
FEMW03.BSI,femw03,.bsi
FEMW04.BSI,femw04,.bsi
FGAUN340.BSI,fgaun340,.bsi
FGAUN341.BSI,fgaun341,.bsi
FGAUN342.BSI,fgaun342,.bsi
FGAUN343.BSI,fgaun343,.bsi
FGAUN344.BSI,fgaun344,.bsi
FGREV450.BSI,fgrev450,.bsi
FGREV451.BSI,fgrev451,.bsi
FGREV452.BSI,fgrev452,.bsi
FGREV453.BSI,fgrev453,.bsi
FHIBD001.BSI,fhibd001,.bsi
FHIBD901.BSI,fhibd901,.bsi
FHIEY001.BSI,fhiey001,.bsi
FHIEY002.BSI,fhiey002,.bsi
FHIEY003.BSI,fhiey003,.bsi
FHIEY004.BSI,fhiey004,.bsi
FHIEY005.BSI,fhiey005,.bsi
FHIEY006.BSI,fhiey006,.bsi
FHIEY007.BSI,fhiey007,.bsi
FHIEY008.BSI,fhiey008,.bsi
FHIEY009.BSI,fhiey009,.bsi
FHIEY010.BSI,fhiey010,.bsi
FHIHR000.BSI,fhihr000,.bsi
FHIHR001.BSI,fhihr001,.bsi
FHIHR002.BSI,fhihr002,.bsi
FHIHR003.BSI,fhihr003,.bsi
FHIHR004.BSI,fhihr004,.bsi
FHIHR005.BSI,fhihr005,.bsi
FHIHR006.BSI,fhihr006,.bsi
FHIHR007.BSI,fhihr007,.bsi
FHIHR008.BSI,fhihr008,.bsi
FHIHR009.BSI,fhihr009,.bsi
FHIHR010.BSI,fhihr010,.bsi
FHIHR011.BSI,fhihr011,.bsi
FHIHR012.BSI,fhihr012,.bsi
FHIHR013.BSI,fhihr013,.bsi
FHIHR014.BSI,fhihr014,.bsi
FHIHR015.BSI,fhihr015,.bsi
FHIHR016.BSI,fhihr016,.bsi
FHIHR017.BSI,fhihr017,.bsi
FHIHR018.BSI,fhihr018,.bsi
FHIHR019.BSI,fhihr019,.bsi
FHIHR020.BSI,fhihr020,.bsi
FHIHR021.BSI,fhihr021,.bsi
FHIHR022.BSI,fhihr022,.bsi
FHIHR023.BSI,fhihr023,.bsi
FHIHR024.BSI,fhihr024,.bsi
FHIHR025.BSI,fhihr025,.bsi
FHIHR026.BSI,fhihr026,.bsi
FHIHR027.BSI,fhihr027,.bsi
FHIHR028.BSI,fhihr028,.bsi
FHIMT001.BSI,fhimt001,.bsi
FHIMT002.BSI,fhimt002,.bsi
FHIMT003.BSI,fhimt003,.bsi
FHIMT004.BSI,fhimt004,.bsi
FHIMT005.BSI,fhimt005,.bsi
FHIMT006.BSI,fhimt006,.bsi
FHIMT007.BSI,fhimt007,.bsi
FHIMT008.BSI,fhimt008,.bsi
FHIMT009.BSI,fhimt009,.bsi
FHIMT010.BSI,fhimt010,.bsi
FHLMT500.BSI,fhlmt500,.bsi
FHLMT501.BSI,fhlmt501,.bsi
FHLMT502.BSI,fhlmt502,.bsi
FHLMT503.BSI,fhlmt503,.bsi
FHLMT504.BSI,fhlmt504,.bsi
FHLMT505.BSI,fhlmt505,.bsi
FHLMT506.BSI,fhlmt506,.bsi
FHLMT507.BSI,fhlmt507,.bsi
FHLMT508.BSI,fhlmt508,.bsi
FHLMT509.BSI,fhlmt509,.bsi
FILT00.BSI,filt00,.bsi
FILT01.BSI,filt01,.bsi
FILT02.BSI,filt02,.bsi
FILT03.BSI,filt03,.bsi
FILT04.BSI,filt04,.bsi
FILT05.BSI,filt05,.bsi
FINL00.BSI,finl00,.bsi
FINL01.BSI,finl01,.bsi
FINL02.BSI,finl02,.bsi
FINL03.BSI,finl03,.bsi
FIRE00.BSI,fire00,.bsi
FIRE10.BSI,fire10,.bsi
FIRE11.BSI,fire11,.bsi
FIRPIT.BSI,firpit,.bsi
FLAG00.BSI,flag00,.bsi
FLAG01.BSI,flag01,.bsi
FLAM00.BSI,flam00,.bsi
FLAM01.BSI,flam01,.bsi
FLESH1.BSI,flesh1,.bsi
FLESH2.BSI,flesh2,.bsi
FLMW00.BSI,flmw00,.bsi
FLMW01.BSI,flmw01,.bsi
FLOR00.BSI,flor00,.bsi
FLOR01.BSI,flor01,.bsi
FLOR02.BSI,flor02,.bsi
FLOR03.BSI,flor03,.bsi
FLOR04.BSI,flor04,.bsi
FLOR05.BSI,flor05,.bsi
FLOR06.BSI,flor06,.bsi
FLOR07.BSI,flor07,.bsi
FLOR08.BSI,flor08,.bsi
FLOR09.BSI,flor09,.bsi
FLOR10.BSI,flor10,.bsi
FLOR11.BSI,flor11,.bsi
FLOR12.BSI,flor12,.bsi
FLOR13.BSI,flor13,.bsi
FLOR14.BSI,flor14,.bsi
FLOR15.BSI,flor15,.bsi
FLOR16.BSI,flor16,.bsi
FLOR17.BSI,flor17,.bsi
FLOR18.BSI,flor18,.bsi
FLOR19.BSI,flor19,.bsi
FLOR20.BSI,flor20,.bsi
FLOR21.BSI,flor21,.bsi
FLOR22.BSI,flor22,.bsi
FLOR23.BSI,flor23,.bsi
FLOR24.BSI,flor24,.bsi
FLOR25.BSI,flor25,.bsi
FLOR26.BSI,flor26,.bsi
FLOR27.BSI,flor27,.bsi
FLOR28.BSI,flor28,.bsi
FLOR29.BSI,flor29,.bsi
FLOR30.BSI,flor30,.bsi
FLOR31.BSI,flor31,.bsi
FLOR32.BSI,flor32,.bsi
FLOR33.BSI,flor33,.bsi
FLOR34.BSI,flor34,.bsi
FLOR35.BSI,flor35,.bsi
FLOR36.BSI,flor36,.bsi
FNHR01.BSI,fnhr01,.bsi
FNHR02.BSI,fnhr02,.bsi
FNOBD001.BSI,fnobd001,.bsi
FNOBD901.BSI,fnobd901,.bsi
FNOEY001.BSI,fnoey001,.bsi
FNOEY002.BSI,fnoey002,.bsi
FNOEY003.BSI,fnoey003,.bsi
FNOEY004.BSI,fnoey004,.bsi
FNOEY005.BSI,fnoey005,.bsi
FNOEY006.BSI,fnoey006,.bsi
FNOEY007.BSI,fnoey007,.bsi
FNOEY008.BSI,fnoey008,.bsi
FNOEY009.BSI,fnoey009,.bsi
FNOEY010.BSI,fnoey010,.bsi
FNOHR000.BSI,fnohr000,.bsi
FNOHR001.BSI,fnohr001,.bsi
FNOHR002.BSI,fnohr002,.bsi
FNOHR003.BSI,fnohr003,.bsi
FNOHR004.BSI,fnohr004,.bsi
FNOHR005.BSI,fnohr005,.bsi
FNOHR006.BSI,fnohr006,.bsi
FNOHR007.BSI,fnohr007,.bsi
FNOHR008.BSI,fnohr008,.bsi
FNOHR009.BSI,fnohr009,.bsi
FNOHR010.BSI,fnohr010,.bsi
FNOHR011.BSI,fnohr011,.bsi
FNOHR012.BSI,fnohr012,.bsi
FNOHR013.BSI,fnohr013,.bsi
FNOHR014.BSI,fnohr014,.bsi
FNOHR015.BSI,fnohr015,.bsi
FNOHR016.BSI,fnohr016,.bsi
FNOHR017.BSI,fnohr017,.bsi
FNOHR018.BSI,fnohr018,.bsi
FNOHR019.BSI,fnohr019,.bsi
FNOHR020.BSI,fnohr020,.bsi
FNOHR021.BSI,fnohr021,.bsi
FNOHR022.BSI,fnohr022,.bsi
FNOHR023.BSI,fnohr023,.bsi
FNOHR024.BSI,fnohr024,.bsi
FNOMT001.BSI,fnomt001,.bsi
FNOMT002.BSI,fnomt002,.bsi
FNOMT003.BSI,fnomt003,.bsi
FNOMT004.BSI,fnomt004,.bsi
FNOMT005.BSI,fnomt005,.bsi
FNOMT006.BSI,fnomt006,.bsi
FNOMT007.BSI,fnomt007,.bsi
FNOMT008.BSI,fnomt008,.bsi
FNOMT009.BSI,fnomt009,.bsi
FNOMT010.BSI,fnomt010,.bsi
FPIT00.BSI,fpit00,.bsi
FPIT01.BSI,fpit01,.bsi
FPIT02.BSI,fpit02,.bsi
FPIT03.BSI,fpit03,.bsi
FPLC00.BSI,fplc00,.bsi
FPLC01.BSI,fplc01,.bsi
FPLC02.BSI,fplc02,.bsi
FPLC03.BSI,fplc03,.bsi
FPLDN330.BSI,fpldn330,.bsi
FPLDN331.BSI,fpldn331,.bsi
FPLDN332.BSI,fpldn332,.bsi
FPLDN333.BSI,fpldn333,.bsi
FPLDN334.BSI,fpldn334,.bsi
FPLDN335.BSI,fpldn335,.bsi
FPLDN336.BSI,fpldn336,.bsi
FPLDN337.BSI,fpldn337,.bsi
FPNTS100.BSI,fpnts100,.bsi
FPNTS101.BSI,fpnts101,.bsi
FPNTS102.BSI,fpnts102,.bsi
FPNTS103.BSI,fpnts103,.bsi
FPNTS104.BSI,fpnts104,.bsi
FPNTS105.BSI,fpnts105,.bsi
FPNTS106.BSI,fpnts106,.bsi
FPNTS107.BSI,fpnts107,.bsi
FPNTS108.BSI,fpnts108,.bsi
FPNTS109.BSI,fpnts109,.bsi
FPNTS110.BSI,fpnts110,.bsi
FPNTS111.BSI,fpnts111,.bsi
FPNTS112.BSI,fpnts112,.bsi
FPNTS113.BSI,fpnts113,.bsi
FPNTS114.BSI,fpnts114,.bsi
FRAM00.BSI,fram00,.bsi
FRAM01.BSI,fram01,.bsi
FRDBD001.BSI,frdbd001,.bsi
FRDBD901.BSI,frdbd901,.bsi
FRDEY001.BSI,frdey001,.bsi
FRDEY002.BSI,frdey002,.bsi
FRDEY003.BSI,frdey003,.bsi
FRDEY004.BSI,frdey004,.bsi
FRDEY005.BSI,frdey005,.bsi
FRDEY006.BSI,frdey006,.bsi
FRDEY007.BSI,frdey007,.bsi
FRDEY008.BSI,frdey008,.bsi
FRDEY009.BSI,frdey009,.bsi
FRDEY010.BSI,frdey010,.bsi
FRDHR000.BSI,frdhr000,.bsi
FRDHR001.BSI,frdhr001,.bsi
FRDHR002.BSI,frdhr002,.bsi
FRDHR003.BSI,frdhr003,.bsi
FRDHR004.BSI,frdhr004,.bsi
FRDHR005.BSI,frdhr005,.bsi
FRDHR006.BSI,frdhr006,.bsi
FRDHR007.BSI,frdhr007,.bsi
FRDHR008.BSI,frdhr008,.bsi
FRDHR009.BSI,frdhr009,.bsi
FRDHR010.BSI,frdhr010,.bsi
FRDHR011.BSI,frdhr011,.bsi
FRDHR012.BSI,frdhr012,.bsi
FRDHR013.BSI,frdhr013,.bsi
FRDHR014.BSI,frdhr014,.bsi
FRDHR015.BSI,frdhr015,.bsi
FRDHR016.BSI,frdhr016,.bsi
FRDHR017.BSI,frdhr017,.bsi
FRDHR018.BSI,frdhr018,.bsi
FRDHR019.BSI,frdhr019,.bsi
FRDHR020.BSI,frdhr020,.bsi
FRDHR021.BSI,frdhr021,.bsi
FRDHR022.BSI,frdhr022,.bsi
FRDMT001.BSI,frdmt001,.bsi
FRDMT002.BSI,frdmt002,.bsi
FRDMT003.BSI,frdmt003,.bsi
FRDMT004.BSI,frdmt004,.bsi
FRDMT005.BSI,frdmt005,.bsi
FRDMT006.BSI,frdmt006,.bsi
FRDMT007.BSI,frdmt007,.bsi
FRDMT008.BSI,frdmt008,.bsi
FRDMT009.BSI,frdmt009,.bsi
FRDMT010.BSI,frdmt010,.bsi
FREEZE.BSI,freeze,.bsi
FSHRT200.BSI,fshrt200,.bsi
FSHRT201.BSI,fshrt201,.bsi
FSHRT202.BSI,fshrt202,.bsi
FSHRT203.BSI,fshrt203,.bsi
FSHRT204.BSI,fshrt204,.bsi
FSHRT205.BSI,fshrt205,.bsi
FSHRT206.BSI,fshrt206,.bsi
FSHRT207.BSI,fshrt207,.bsi
FSHRT208.BSI,fshrt208,.bsi
FSHRT209.BSI,fshrt209,.bsi
FSHRT210.BSI,fshrt210,.bsi
FSHRT211.BSI,fshrt211,.bsi
FSHRT212.BSI,fshrt212,.bsi
FSHRT213.BSI,fshrt213,.bsi
FSHRT214.BSI,fshrt214,.bsi
FSHRT215.BSI,fshrt215,.bsi
FUCK.BSI,fuck,.bsi
FUR1.BSI,fur1,.bsi
FWDBD001.BSI,fwdbd001,.bsi
FWDBD901.BSI,fwdbd901,.bsi
FWDEY001.BSI,fwdey001,.bsi
FWDEY002.BSI,fwdey002,.bsi
FWDEY003.BSI,fwdey003,.bsi
FWDEY004.BSI,fwdey004,.bsi
FWDEY005.BSI,fwdey005,.bsi
FWDEY006.BSI,fwdey006,.bsi
FWDEY007.BSI,fwdey007,.bsi
FWDEY008.BSI,fwdey008,.bsi
FWDEY009.BSI,fwdey009,.bsi
FWDEY010.BSI,fwdey010,.bsi
FWDEY011.BSI,fwdey011,.bsi
FWDHR000.BSI,fwdhr000,.bsi
FWDHR001.BSI,fwdhr001,.bsi
FWDHR002.BSI,fwdhr002,.bsi
FWDHR003.BSI,fwdhr003,.bsi
FWDHR004.BSI,fwdhr004,.bsi
FWDHR005.BSI,fwdhr005,.bsi
FWDHR006.BSI,fwdhr006,.bsi
FWDHR007.BSI,fwdhr007,.bsi
FWDHR008.BSI,fwdhr008,.bsi
FWDHR009.BSI,fwdhr009,.bsi
FWDHR010.BSI,fwdhr010,.bsi
FWDHR011.BSI,fwdhr011,.bsi
FWDHR012.BSI,fwdhr012,.bsi
FWDHR013.BSI,fwdhr013,.bsi
FWDHR014.BSI,fwdhr014,.bsi
FWDHR015.BSI,fwdhr015,.bsi
FWDHR016.BSI,fwdhr016,.bsi
FWDHR017.BSI,fwdhr017,.bsi
FWDHR018.BSI,fwdhr018,.bsi
FWDHR019.BSI,fwdhr019,.bsi
FWDHR020.BSI,fwdhr020,.bsi
FWDHR021.BSI,fwdhr021,.bsi
FWDHR022.BSI,fwdhr022,.bsi
FWDHR023.BSI,fwdhr023,.bsi
FWDHR024.BSI,fwdhr024,.bsi
FWDHR025.BSI,fwdhr025,.bsi
FWDHR026.BSI,fwdhr026,.bsi
FWDHR027.BSI,fwdhr027,.bsi
FWDHR028.BSI,fwdhr028,.bsi
FWDHR029.BSI,fwdhr029,.bsi
FWDHR030.BSI,fwdhr030,.bsi
FWDHR031.BSI,fwdhr031,.bsi
FWDHR032.BSI,fwdhr032,.bsi
FWDHR033.BSI,fwdhr033,.bsi
FWDHR034.BSI,fwdhr034,.bsi
FWDMT001.BSI,fwdmt001,.bsi
FWDMT002.BSI,fwdmt002,.bsi
FWDMT003.BSI,fwdmt003,.bsi
FWDMT004.BSI,fwdmt004,.bsi
FWDMT005.BSI,fwdmt005,.bsi
FWDMT006.BSI,fwdmt006,.bsi
FWDMT007.BSI,fwdmt007,.bsi
FWDMT008.BSI,fwdmt008,.bsi
FWDMT009.BSI,fwdmt009,.bsi
FWDMT010.BSI,fwdmt010,.bsi
FWPNS600.BSI,fwpns600,.bsi
FWPNS601.BSI,fwpns601,.bsi
FWPNS602.BSI,fwpns602,.bsi
FWPNS603.BSI,fwpns603,.bsi
FWPNS604.BSI,fwpns604,.bsi
FWPNS605.BSI,fwpns605,.bsi
FWPNS606.BSI,fwpns606,.bsi
FWPNS607.BSI,fwpns607,.bsi
FWPNS608.BSI,fwpns608,.bsi
FWPNS609.BSI,fwpns609,.bsi
FWPNS610.BSI,fwpns610,.bsi
FWPNS611.BSI,fwpns611,.bsi
FWPNS613.BSI,fwpns613,.bsi
FWPNS614.BSI,fwpns614,.bsi
GEARS.BSI,gears,.bsi
GENDER.BSI,gender,.bsi
GHTA00.BSI,ghta00,.bsi
GHTA01.BSI,ghta01,.bsi
GHTA02.BSI,ghta02,.bsi
GHTA03.BSI,ghta03,.bsi
GHTA04.BSI,ghta04,.bsi
GHTD00.BSI,ghtd00,.bsi
GHTD01.BSI,ghtd01,.bsi
GHTD02.BSI,ghtd02,.bsi
GHTD03.BSI,ghtd03,.bsi
GHTD04.BSI,ghtd04,.bsi
GHTS00.BSI,ghts00,.bsi
GHTS01.BSI,ghts01,.bsi
GHTS02.BSI,ghts02,.bsi
GHTS03.BSI,ghts03,.bsi
GHTS04.BSI,ghts04,.bsi
GHTW00.BSI,ghtw00,.bsi
GHTW01.BSI,ghtw01,.bsi
GHTW02.BSI,ghtw02,.bsi
GHTW03.BSI,ghtw03,.bsi
GHTW04.BSI,ghtw04,.bsi
GLOW.BSI,glow,.bsi
GLOW00.BSI,glow00,.bsi
GNLT00.BSI,gnlt00,.bsi
GNLT01.BSI,gnlt01,.bsi
GNLT02.BSI,gnlt02,.bsi
GNLT03.BSI,gnlt03,.bsi
GOLD.BSI,gold,.bsi
GOLD00.BSI,gold00,.bsi
GRAS01.BSI,gras01,.bsi
GRAS02.BSI,gras02,.bsi
GRAS03.BSI,gras03,.bsi
GRASS01.BSI,grass01,.bsi
GRASS02.BSI,grass02,.bsi
GRASS03.BSI,grass03,.bsi
GRAT00.BSI,grat00,.bsi
GRAT99.BSI,grat99,.bsi
GRAVE1.BSI,grave1,.bsi
GREV00.BSI,grev00,.bsi
GRIL00.BSI,gril00,.bsi
GRIP00.BSI,grip00,.bsi
GRND00.BSI,grnd00,.bsi
GRND01.BSI,grnd01,.bsi
GRND02.BSI,grnd02,.bsi
GRS.BSI,grs,.bsi
HAND.BSI,hand,.bsi
HAY01.BSI,hay01,.bsi
HAY02.BSI,hay02,.bsi
HAY03.BSI,hay03,.bsi
HAYBL.BSI,haybl,.bsi
HEDX00.BSI,hedx00,.bsi
HEDX01.BSI,hedx01,.bsi
HEDX02.BSI,hedx02,.bsi
HEDX03.BSI,hedx03,.bsi
HEDX04.BSI,hedx04,.bsi
HEDX05.BSI,hedx05,.bsi
HEDX06.BSI,hedx06,.bsi
HEDX07.BSI,hedx07,.bsi
HEDX08.BSI,hedx08,.bsi
HEDX09.BSI,hedx09,.bsi
HEDY00.BSI,hedy00,.bsi
HEDY01.BSI,hedy01,.bsi
HEDY02.BSI,hedy02,.bsi
HEDY03.BSI,hedy03,.bsi
HEDY04.BSI,hedy04,.bsi
HEDY05.BSI,hedy05,.bsi
HEDY06.BSI,hedy06,.bsi
HEDY07.BSI,hedy07,.bsi
HEDY08.BSI,hedy08,.bsi
HEDY09.BSI,hedy09,.bsi
HEDZ00.BSI,hedz00,.bsi
HEDZ01.BSI,hedz01,.bsi
HEDZ02.BSI,hedz02,.bsi
HEDZ03.BSI,hedz03,.bsi
HEDZ04.BSI,hedz04,.bsi
HEDZ05.BSI,hedz05,.bsi
HEDZ06.BSI,hedz06,.bsi
HEDZ07.BSI,hedz07,.bsi
HEDZ08.BSI,hedz08,.bsi
HEDZ09.BSI,hedz09,.bsi
HEDZ10.BSI,hedz10,.bsi
HEDZ11.BSI,hedz11,.bsi
HEDZ12.BSI,hedz12,.bsi
HEDZ13.BSI,hedz13,.bsi
HEDZ14.BSI,hedz14,.bsi
HEDZ15.BSI,hedz15,.bsi
HELP00.BSI,help00,.bsi
HELP01.BSI,help01,.bsi
HELP02.BSI,help02,.bsi
HELP03.BSI,help03,.bsi
HELP04.BSI,help04,.bsi
HELP05.BSI,help05,.bsi
HELP06.BSI,help06,.bsi
HELP07.BSI,help07,.bsi
HELP08.BSI,help08,.bsi
HELP09.BSI,help09,.bsi
HELP10.BSI,help10,.bsi
HELP11.BSI,help11,.bsi
HELP12.BSI,help12,.bsi
HELP13.BSI,help13,.bsi
HELP14.BSI,help14,.bsi
HELP15.BSI,help15,.bsi
HELP16.BSI,help16,.bsi
HELP17.BSI,help17,.bsi
HELP18.BSI,help18,.bsi
HELP19.BSI,help19,.bsi
HELP20.BSI,help20,.bsi
HELP21.BSI,help21,.bsi
HELP22.BSI,help22,.bsi
HNO000.BSI,hno000,.bsi
HOUS00.BSI,hous00,.bsi
HOUS01.BSI,hous01,.bsi
HOUS02.BSI,hous02,.bsi
HOUS03.BSI,hous03,.bsi
HOUS04.BSI,hous04,.bsi
HOUS05.BSI,hous05,.bsi
HOUS06.BSI,hous06,.bsi
HOUS07.BSI,hous07,.bsi
HYES00.BSI,hyes00,.bsi
ICDA00.BSI,icda00,.bsi
ICDA01.BSI,icda01,.bsi
ICDA02.BSI,icda02,.bsi
ICDA03.BSI,icda03,.bsi
ICDA04.BSI,icda04,.bsi
ICDD00.BSI,icdd00,.bsi
ICDD01.BSI,icdd01,.bsi
ICDD02.BSI,icdd02,.bsi
ICDD03.BSI,icdd03,.bsi
ICDD04.BSI,icdd04,.bsi
ICDS00.BSI,icds00,.bsi
ICDS01.BSI,icds01,.bsi
ICDS02.BSI,icds02,.bsi
ICDS03.BSI,icds03,.bsi
ICDS04.BSI,icds04,.bsi
ICDW00.BSI,icdw00,.bsi
ICDW01.BSI,icdw01,.bsi
ICDW02.BSI,icdw02,.bsi
ICDW03.BSI,icdw03,.bsi
ICDW04.BSI,icdw04,.bsi
ICE01.BSI,ice01,.bsi
ICE02.BSI,ice02,.bsi
IMAGO.BSI,imago,.bsi
ININ00.BSI,inin00,.bsi
ININ01.BSI,inin01,.bsi
INVE00.BSI,inve00,.bsi
IRON00.BSI,iron00,.bsi
JACIEL.BSI,jaciel,.bsi
JOSIAN.BSI,josian,.bsi
KEPENT.BSI,kepent,.bsi
KEPENT2.BSI,kepent2,.bsi
KEYBRD.BSI,keybrd,.bsi
KEYHOLE3.BSI,keyhole3,.bsi
KEYHOLE4.BSI,keyhole4,.bsi
L2SKY.BSI,l2sky,.bsi
L5SKY.BSI,l5sky,.bsi
L6BGDR1.BSI,l6bgdr1,.bsi
L6MIR.BSI,l6mir,.bsi
L6SKY.BSI,l6sky,.bsi
L6WIN.BSI,l6win,.bsi
L8SKY.BSI,l8sky,.bsi
LAMP.BSI,lamp,.bsi
LAND00.BSI,land00,.bsi
LAND01.BSI,land01,.bsi
LAND02.BSI,land02,.bsi
LAND03.BSI,land03,.bsi
LAND04.BSI,land04,.bsi
LAND05.BSI,land05,.bsi
LANS1.BSI,lans1,.bsi
LANS2.BSI,lans2,.bsi
LANS3.BSI,lans3,.bsi
LANWAL.BSI,lanwal,.bsi
LANWOD.BSI,lanwod,.bsi
LANWOO.BSI,lanwoo,.bsi
LANWOOD.BSI,lanwood,.bsi
LAVA.BSI,lava,.bsi
LAVA00.BSI,lava00,.bsi
LAVA01.BSI,lava01,.bsi
LDSV00.BSI,ldsv00,.bsi
LDSV01.BSI,ldsv01,.bsi
LENS1.BSI,lens1,.bsi
LENS2.BSI,lens2,.bsi
LENS3.BSI,lens3,.bsi
LEV1.BSI,lev1,.bsi
LEV2.BSI,lev2,.bsi
LGLOB.BSI,lglob,.bsi
LINE00.BSI,line00,.bsi
LITE00.BSI,lite00,.bsi
LITENING.BSI,litening,.bsi
LOAD.BSI,load,.bsi
LOAD00.BSI,load00,.bsi
LOADING.BSI,loading,.bsi
LOADSAVE.BSI,loadsave,.bsi
LUST01.BSI,lust01,.bsi
LUST02.BSI,lust02,.bsi
LUST03.BSI,lust03,.bsi
LUST06.BSI,lust06,.bsi
MANWIN.BSI,manwin,.bsi
MAP000.BSI,map000,.bsi
MAP001.BSI,map001,.bsi
MAP002.BSI,map002,.bsi
MAP003.BSI,map003,.bsi
MAP004.BSI,map004,.bsi
MAP005.BSI,map005,.bsi
MAP006.BSI,map006,.bsi
MAP008.BSI,map008,.bsi
MAP009.BSI,map009,.bsi
MAP010.BSI,map010,.bsi
MAP011.BSI,map011,.bsi
MAP012.BSI,map012,.bsi
MAP013.BSI,map013,.bsi
MAP014.BSI,map014,.bsi
MAP015.BSI,map015,.bsi
MAP016.BSI,map016,.bsi
MAP017.BSI,map017,.bsi
MAP018.BSI,map018,.bsi
MAP019.BSI,map019,.bsi
MAP020.BSI,map020,.bsi
MAP021.BSI,map021,.bsi
MAP022.BSI,map022,.bsi
MAP023.BSI,map023,.bsi
MAP024.BSI,map024,.bsi
MAP025.BSI,map025,.bsi
MAP026.BSI,map026,.bsi
MAP027.BSI,map027,.bsi
MAP028.BSI,map028,.bsi
MAP029.BSI,map029,.bsi
MAP03.BSI,map03,.bsi
MAP030.BSI,map030,.bsi
MARB1.BSI,marb1,.bsi
MARB2.BSI,marb2,.bsi
MARBLE1.BSI,marble1,.bsi
MARBLE2.BSI,marble2,.bsi
MARMB300.BSI,marmb300,.bsi
MARMB301.BSI,marmb301,.bsi
MARMB302.BSI,marmb302,.bsi
MARMB303.BSI,marmb303,.bsi
MARMB304.BSI,marmb304,.bsi
MARMB305.BSI,marmb305,.bsi
MARMB306.BSI,marmb306,.bsi
MARMB307.BSI,marmb307,.bsi
MARMB308.BSI,marmb308,.bsi
MARMB309.BSI,marmb309,.bsi
MARMB310.BSI,marmb310,.bsi
MASA00.BSI,masa00,.bsi
MASA01.BSI,masa01,.bsi
MASA02.BSI,masa02,.bsi
MASA03.BSI,masa03,.bsi
MASA04.BSI,masa04,.bsi
MASD00.BSI,masd00,.bsi
MASD01.BSI,masd01,.bsi
MASD02.BSI,masd02,.bsi
MASD03.BSI,masd03,.bsi
MASD04.BSI,masd04,.bsi
MASS00.BSI,mass00,.bsi
MASS01.BSI,mass01,.bsi
MASS02.BSI,mass02,.bsi
MASS03.BSI,mass03,.bsi
MASS04.BSI,mass04,.bsi
MASTEMA.BSI,mastema,.bsi
MASW00.BSI,masw00,.bsi
MASW01.BSI,masw01,.bsi
MASW02.BSI,masw02,.bsi
MASW03.BSI,masw03,.bsi
MASW04.BSI,masw04,.bsi
MAXE01.BSI,maxe01,.bsi
MBOOT460.BSI,mboot460,.bsi
MBOOT461.BSI,mboot461,.bsi
MBOOT462.BSI,mboot462,.bsi
MBOOT463.BSI,mboot463,.bsi
MBOOT464.BSI,mboot464,.bsi
MBOOT465.BSI,mboot465,.bsi
MBOOT466.BSI,mboot466,.bsi
MBOOT467.BSI,mboot467,.bsi
MBOOT468.BSI,mboot468,.bsi
MBPT01.BSI,mbpt01,.bsi
MBPT02.BSI,mbpt02,.bsi
MBRBD001.BSI,mbrbd001,.bsi
MBREY001.BSI,mbrey001,.bsi
MBREY002.BSI,mbrey002,.bsi
MBREY003.BSI,mbrey003,.bsi
MBREY004.BSI,mbrey004,.bsi
MBREY005.BSI,mbrey005,.bsi
MBREY006.BSI,mbrey006,.bsi
MBREY007.BSI,mbrey007,.bsi
MBREY008.BSI,mbrey008,.bsi
MBREY009.BSI,mbrey009,.bsi
MBREY010.BSI,mbrey010,.bsi
MBREY011.BSI,mbrey011,.bsi
MBREY012.BSI,mbrey012,.bsi
MBRHR000.BSI,mbrhr000,.bsi
MBRHR001.BSI,mbrhr001,.bsi
MBRHR002.BSI,mbrhr002,.bsi
MBRHR003.BSI,mbrhr003,.bsi
MBRHR004.BSI,mbrhr004,.bsi
MBRHR005.BSI,mbrhr005,.bsi
MBRHR006.BSI,mbrhr006,.bsi
MBRHR007.BSI,mbrhr007,.bsi
MBRHR008.BSI,mbrhr008,.bsi
MBRHR009.BSI,mbrhr009,.bsi
MBRHR010.BSI,mbrhr010,.bsi
MBRHR011.BSI,mbrhr011,.bsi
MBRMT001.BSI,mbrmt001,.bsi
MBRMT002.BSI,mbrmt002,.bsi
MBRMT003.BSI,mbrmt003,.bsi
MBRMT004.BSI,mbrmt004,.bsi
MBRMT005.BSI,mbrmt005,.bsi
MBRMT006.BSI,mbrmt006,.bsi
MBRMT007.BSI,mbrmt007,.bsi
MBRMT008.BSI,mbrmt008,.bsi
MBRMT009.BSI,mbrmt009,.bsi
MBRMT010.BSI,mbrmt010,.bsi
MBRST260.BSI,mbrst260,.bsi
MBRST261.BSI,mbrst261,.bsi
MBRST262.BSI,mbrst262,.bsi
MBRST263.BSI,mbrst263,.bsi
MBRST264.BSI,mbrst264,.bsi
MBRST265.BSI,mbrst265,.bsi
MBRST266.BSI,mbrst266,.bsi
MBRST267.BSI,mbrst267,.bsi
MBRST268.BSI,mbrst268,.bsi
MBRST269.BSI,mbrst269,.bsi
MCAPE500.BSI,mcape500,.bsi
MCAPE501.BSI,mcape501,.bsi
MCAPE502.BSI,mcape502,.bsi
MCLB01.BSI,mclb01,.bsi
MDAG01.BSI,mdag01,.bsi
MDHR01.BSI,mdhr01,.bsi
MDHR02.BSI,mdhr02,.bsi
MDHR03.BSI,mdhr03,.bsi
MDKBD001.BSI,mdkbd001,.bsi
MDKEY001.BSI,mdkey001,.bsi
MDKEY002.BSI,mdkey002,.bsi
MDKEY003.BSI,mdkey003,.bsi
MDKEY004.BSI,mdkey004,.bsi
MDKEY005.BSI,mdkey005,.bsi
MDKEY006.BSI,mdkey006,.bsi
MDKEY007.BSI,mdkey007,.bsi
MDKEY008.BSI,mdkey008,.bsi
MDKEY009.BSI,mdkey009,.bsi
MDKEY010.BSI,mdkey010,.bsi
MDKEY011.BSI,mdkey011,.bsi
MDKHR000.BSI,mdkhr000,.bsi
MDKHR001.BSI,mdkhr001,.bsi
MDKHR002.BSI,mdkhr002,.bsi
MDKHR003.BSI,mdkhr003,.bsi
MDKHR004.BSI,mdkhr004,.bsi
MDKHR005.BSI,mdkhr005,.bsi
MDKHR006.BSI,mdkhr006,.bsi
MDKHR007.BSI,mdkhr007,.bsi
MDKHR008.BSI,mdkhr008,.bsi
MDKHR009.BSI,mdkhr009,.bsi
MDKHR010.BSI,mdkhr010,.bsi
MDKHR011.BSI,mdkhr011,.bsi
MDKHR012.BSI,mdkhr012,.bsi
MDKHR013.BSI,mdkhr013,.bsi
MDKHR014.BSI,mdkhr014,.bsi
MDKHR015.BSI,mdkhr015,.bsi
MDKHR016.BSI,mdkhr016,.bsi
MDKMT001.BSI,mdkmt001,.bsi
MDKMT002.BSI,mdkmt002,.bsi
MDKMT003.BSI,mdkmt003,.bsi
MDKMT004.BSI,mdkmt004,.bsi
MDKMT005.BSI,mdkmt005,.bsi
MDKMT006.BSI,mdkmt006,.bsi
MDKMT007.BSI,mdkmt007,.bsi
MDKMT008.BSI,mdkmt008,.bsi
MDKMT009.BSI,mdkmt009,.bsi
MDKMT010.BSI,mdkmt010,.bsi
METAL01.BSI,metal01,.bsi
METL01.BSI,metl01,.bsi
METL02.BSI,metl02,.bsi
METL03.BSI,metl03,.bsi
METL04.BSI,metl04,.bsi
METL05.BSI,metl05,.bsi
METL06.BSI,metl06,.bsi
METL07.BSI,metl07,.bsi
METL08.BSI,metl08,.bsi
MGAUN340.BSI,mgaun340,.bsi
MGAUN341.BSI,mgaun341,.bsi
MGAUN342.BSI,mgaun342,.bsi
MGAUN343.BSI,mgaun343,.bsi
MGAUN344.BSI,mgaun344,.bsi
MGIC00.BSI,mgic00,.bsi
MGREV450.BSI,mgrev450,.bsi
MGREV451.BSI,mgrev451,.bsi
MGREV452.BSI,mgrev452,.bsi
MGREV453.BSI,mgrev453,.bsi
MHIBD001.BSI,mhibd001,.bsi
MHIEY001.BSI,mhiey001,.bsi
MHIEY002.BSI,mhiey002,.bsi
MHIEY003.BSI,mhiey003,.bsi
MHIEY004.BSI,mhiey004,.bsi
MHIEY005.BSI,mhiey005,.bsi
MHIEY006.BSI,mhiey006,.bsi
MHIEY007.BSI,mhiey007,.bsi
MHIEY008.BSI,mhiey008,.bsi
MHIEY009.BSI,mhiey009,.bsi
MHIEY010.BSI,mhiey010,.bsi
MHIHR000.BSI,mhihr000,.bsi
MHIHR001.BSI,mhihr001,.bsi
MHIHR002.BSI,mhihr002,.bsi
MHIHR003.BSI,mhihr003,.bsi
MHIHR004.BSI,mhihr004,.bsi
MHIHR005.BSI,mhihr005,.bsi
MHIHR006.BSI,mhihr006,.bsi
MHIHR007.BSI,mhihr007,.bsi
MHIHR008.BSI,mhihr008,.bsi
MHIHR009.BSI,mhihr009,.bsi
MHIHR010.BSI,mhihr010,.bsi
MHIHR011.BSI,mhihr011,.bsi
MHIHR012.BSI,mhihr012,.bsi
MHIHR013.BSI,mhihr013,.bsi
MHIHR014.BSI,mhihr014,.bsi
MHIHR015.BSI,mhihr015,.bsi
MHIHR016.BSI,mhihr016,.bsi
MHIHR017.BSI,mhihr017,.bsi
MHIMT001.BSI,mhimt001,.bsi
MHIMT002.BSI,mhimt002,.bsi
MHIMT003.BSI,mhimt003,.bsi
MHIMT004.BSI,mhimt004,.bsi
MHIMT005.BSI,mhimt005,.bsi
MHIMT006.BSI,mhimt006,.bsi
MHIMT007.BSI,mhimt007,.bsi
MHIMT008.BSI,mhimt008,.bsi
MHIMT009.BSI,mhimt009,.bsi
MHIMT010.BSI,mhimt010,.bsi
MHLMT500.BSI,mhlmt500,.bsi
MHLMT501.BSI,mhlmt501,.bsi
MHLMT502.BSI,mhlmt502,.bsi
MHLMT503.BSI,mhlmt503,.bsi
MHLMT504.BSI,mhlmt504,.bsi
MHLMT505.BSI,mhlmt505,.bsi
MHLMT506.BSI,mhlmt506,.bsi
MHLMT507.BSI,mhlmt507,.bsi
MHLMT508.BSI,mhlmt508,.bsi
MHLMT509.BSI,mhlmt509,.bsi
MIROR.BSI,miror,.bsi
MISC00.BSI,misc00,.bsi
MISC01.BSI,misc01,.bsi
MISC02.BSI,misc02,.bsi
MISC03.BSI,misc03,.bsi
MISC04.BSI,misc04,.bsi
MLDA00.BSI,mlda00,.bsi
MLDA01.BSI,mlda01,.bsi
MLDA02.BSI,mlda02,.bsi
MLDA03.BSI,mlda03,.bsi
MLDA04.BSI,mlda04,.bsi
MLDD00.BSI,mldd00,.bsi
MLDD01.BSI,mldd01,.bsi
MLDD02.BSI,mldd02,.bsi
MLDD03.BSI,mldd03,.bsi
MLDD04.BSI,mldd04,.bsi
MLDS00.BSI,mlds00,.bsi
MLDS01.BSI,mlds01,.bsi
MLDS02.BSI,mlds02,.bsi
MLDS03.BSI,mlds03,.bsi
MLDS04.BSI,mlds04,.bsi
MLDW00.BSI,mldw00,.bsi
MLDW01.BSI,mldw01,.bsi
MLDW02.BSI,mldw02,.bsi
MLDW03.BSI,mldw03,.bsi
MLDW04.BSI,mldw04,.bsi
MNHR01.BSI,mnhr01,.bsi
MNHR02.BSI,mnhr02,.bsi
MNOBD001.BSI,mnobd001,.bsi
MNOEY001.BSI,mnoey001,.bsi
MNOEY002.BSI,mnoey002,.bsi
MNOEY003.BSI,mnoey003,.bsi
MNOEY004.BSI,mnoey004,.bsi
MNOEY005.BSI,mnoey005,.bsi
MNOEY006.BSI,mnoey006,.bsi
MNOEY007.BSI,mnoey007,.bsi
MNOEY008.BSI,mnoey008,.bsi
MNOEY009.BSI,mnoey009,.bsi
MNOEY010.BSI,mnoey010,.bsi
MNOHR000.BSI,mnohr000,.bsi
MNOHR001.BSI,mnohr001,.bsi
MNOHR002.BSI,mnohr002,.bsi
MNOHR003.BSI,mnohr003,.bsi
MNOHR004.BSI,mnohr004,.bsi
MNOHR005.BSI,mnohr005,.bsi
MNOHR006.BSI,mnohr006,.bsi
MNOHR007.BSI,mnohr007,.bsi
MNOHR008.BSI,mnohr008,.bsi
MNOHR009.BSI,mnohr009,.bsi
MNOHR010.BSI,mnohr010,.bsi
MNOHR011.BSI,mnohr011,.bsi
MNOHR012.BSI,mnohr012,.bsi
MNOHR013.BSI,mnohr013,.bsi
MNOHR014.BSI,mnohr014,.bsi
MNOHR015.BSI,mnohr015,.bsi
MNOMT001.BSI,mnomt001,.bsi
MNOMT002.BSI,mnomt002,.bsi
MNOMT003.BSI,mnomt003,.bsi
MNOMT004.BSI,mnomt004,.bsi
MNOMT005.BSI,mnomt005,.bsi
MNOMT006.BSI,mnomt006,.bsi
MNOMT007.BSI,mnomt007,.bsi
MNOMT008.BSI,mnomt008,.bsi
MNOMT009.BSI,mnomt009,.bsi
MNOMT010.BSI,mnomt010,.bsi
MNTN00.BSI,mntn00,.bsi
MNTN01.BSI,mntn01,.bsi
MNTN02.BSI,mntn02,.bsi
MNTN03.BSI,mntn03,.bsi
MNTN04.BSI,mntn04,.bsi
MNTN05.BSI,mntn05,.bsi
MONSTER1.BSI,monster1,.bsi
MONSTER2.BSI,monster2,.bsi
MOON1.BSI,moon1,.bsi
MOON2.BSI,moon2,.bsi
MOON3.BSI,moon3,.bsi
MOON4.BSI,moon4,.bsi
MORTAB.BSI,mortab,.bsi
MPLDN330.BSI,mpldn330,.bsi
MPLDN331.BSI,mpldn331,.bsi
MPLDN332.BSI,mpldn332,.bsi
MPLDN333.BSI,mpldn333,.bsi
MPLDN334.BSI,mpldn334,.bsi
MPLDN335.BSI,mpldn335,.bsi
MPLDN336.BSI,mpldn336,.bsi
MPLDN337.BSI,mpldn337,.bsi
MPNTS100.BSI,mpnts100,.bsi
MPNTS101.BSI,mpnts101,.bsi
MPNTS102.BSI,mpnts102,.bsi
MPNTS103.BSI,mpnts103,.bsi
MPNTS104.BSI,mpnts104,.bsi
MPNTS105.BSI,mpnts105,.bsi
MPNTS106.BSI,mpnts106,.bsi
MPNTS107.BSI,mpnts107,.bsi
MPNTS108.BSI,mpnts108,.bsi
MPNTS109.BSI,mpnts109,.bsi
MPNTS110.BSI,mpnts110,.bsi
MPNTS111.BSI,mpnts111,.bsi
MPNTS112.BSI,mpnts112,.bsi
MPNTS113.BSI,mpnts113,.bsi
MPNTS114.BSI,mpnts114,.bsi
MRDA00.BSI,mrda00,.bsi
MRDA01.BSI,mrda01,.bsi
MRDA02.BSI,mrda02,.bsi
MRDA03.BSI,mrda03,.bsi
MRDA04.BSI,mrda04,.bsi
MRDBD001.BSI,mrdbd001,.bsi
MRDD00.BSI,mrdd00,.bsi
MRDD01.BSI,mrdd01,.bsi
MRDD02.BSI,mrdd02,.bsi
MRDD03.BSI,mrdd03,.bsi
MRDD04.BSI,mrdd04,.bsi
MRDEY001.BSI,mrdey001,.bsi
MRDEY002.BSI,mrdey002,.bsi
MRDEY003.BSI,mrdey003,.bsi
MRDEY004.BSI,mrdey004,.bsi
MRDEY005.BSI,mrdey005,.bsi
MRDEY006.BSI,mrdey006,.bsi
MRDEY007.BSI,mrdey007,.bsi
MRDEY008.BSI,mrdey008,.bsi
MRDEY009.BSI,mrdey009,.bsi
MRDEY010.BSI,mrdey010,.bsi
MRDEY011.BSI,mrdey011,.bsi
MRDHR000.BSI,mrdhr000,.bsi
MRDHR001.BSI,mrdhr001,.bsi
MRDHR002.BSI,mrdhr002,.bsi
MRDHR003.BSI,mrdhr003,.bsi
MRDHR004.BSI,mrdhr004,.bsi
MRDHR005.BSI,mrdhr005,.bsi
MRDHR006.BSI,mrdhr006,.bsi
MRDHR007.BSI,mrdhr007,.bsi
MRDHR008.BSI,mrdhr008,.bsi
MRDHR009.BSI,mrdhr009,.bsi
MRDHR010.BSI,mrdhr010,.bsi
MRDHR011.BSI,mrdhr011,.bsi
MRDHR012.BSI,mrdhr012,.bsi
MRDHR013.BSI,mrdhr013,.bsi
MRDHR014.BSI,mrdhr014,.bsi
MRDHR015.BSI,mrdhr015,.bsi
MRDMT001.BSI,mrdmt001,.bsi
MRDMT002.BSI,mrdmt002,.bsi
MRDMT003.BSI,mrdmt003,.bsi
MRDMT004.BSI,mrdmt004,.bsi
MRDMT005.BSI,mrdmt005,.bsi
MRDMT006.BSI,mrdmt006,.bsi
MRDMT007.BSI,mrdmt007,.bsi
MRDMT008.BSI,mrdmt008,.bsi
MRDMT009.BSI,mrdmt009,.bsi
MRDMT010.BSI,mrdmt010,.bsi
MRDS00.BSI,mrds00,.bsi
MRDS01.BSI,mrds01,.bsi
MRDS02.BSI,mrds02,.bsi
MRDS03.BSI,mrds03,.bsi
MRDS04.BSI,mrds04,.bsi
MRDW00.BSI,mrdw00,.bsi
MRDW01.BSI,mrdw01,.bsi
MRDW02.BSI,mrdw02,.bsi
MRDW03.BSI,mrdw03,.bsi
MRDW04.BSI,mrdw04,.bsi
MREV00.BSI,mrev00,.bsi
MRHR01.BSI,mrhr01,.bsi
MSHRT200.BSI,mshrt200,.bsi
MSHRT201.BSI,mshrt201,.bsi
MSHRT202.BSI,mshrt202,.bsi
MSHRT203.BSI,mshrt203,.bsi
MSHRT204.BSI,mshrt204,.bsi
MSHRT205.BSI,mshrt205,.bsi
MSHRT206.BSI,mshrt206,.bsi
MSHRT207.BSI,mshrt207,.bsi
MSHRT208.BSI,mshrt208,.bsi
MSHRT209.BSI,mshrt209,.bsi
MSHRT210.BSI,mshrt210,.bsi
MSHRT211.BSI,mshrt211,.bsi
MSHRT212.BSI,mshrt212,.bsi
MSHRT213.BSI,mshrt213,.bsi
MSHRT214.BSI,mshrt214,.bsi
MSHRT215.BSI,mshrt215,.bsi
MSHT01.BSI,msht01,.bsi
MTEM01.BSI,mtem01,.bsi
MTEM02.BSI,mtem02,.bsi
MTEM03.BSI,mtem03,.bsi
MTEMP01.BSI,mtemp01,.bsi
MTEMP02.BSI,mtemp02,.bsi
MTEMP03.BSI,mtemp03,.bsi
MULT00.BSI,mult00,.bsi
MULT01.BSI,mult01,.bsi
MULT02.BSI,mult02,.bsi
MULT03.BSI,mult03,.bsi
MULT04.BSI,mult04,.bsi
MULT05.BSI,mult05,.bsi
MULT06.BSI,mult06,.bsi
MULT07.BSI,mult07,.bsi
MULT08.BSI,mult08,.bsi
MULT09.BSI,mult09,.bsi
MULT10.BSI,mult10,.bsi
MWDBD001.BSI,mwdbd001,.bsi
MWDEY001.BSI,mwdey001,.bsi
MWDEY002.BSI,mwdey002,.bsi
MWDEY003.BSI,mwdey003,.bsi
MWDEY004.BSI,mwdey004,.bsi
MWDEY005.BSI,mwdey005,.bsi
MWDEY006.BSI,mwdey006,.bsi
MWDEY007.BSI,mwdey007,.bsi
MWDEY008.BSI,mwdey008,.bsi
MWDEY009.BSI,mwdey009,.bsi
MWDEY010.BSI,mwdey010,.bsi
MWDEY011.BSI,mwdey011,.bsi
MWDHR000.BSI,mwdhr000,.bsi
MWDHR001.BSI,mwdhr001,.bsi
MWDHR002.BSI,mwdhr002,.bsi
MWDHR003.BSI,mwdhr003,.bsi
MWDHR004.BSI,mwdhr004,.bsi
MWDHR005.BSI,mwdhr005,.bsi
MWDHR006.BSI,mwdhr006,.bsi
MWDHR007.BSI,mwdhr007,.bsi
MWDHR008.BSI,mwdhr008,.bsi
MWDHR009.BSI,mwdhr009,.bsi
MWDHR010.BSI,mwdhr010,.bsi
MWDHR011.BSI,mwdhr011,.bsi
MWDHR012.BSI,mwdhr012,.bsi
MWDHR013.BSI,mwdhr013,.bsi
MWDHR014.BSI,mwdhr014,.bsi
MWDMT001.BSI,mwdmt001,.bsi
MWDMT002.BSI,mwdmt002,.bsi
MWDMT003.BSI,mwdmt003,.bsi
MWDMT004.BSI,mwdmt004,.bsi
MWDMT005.BSI,mwdmt005,.bsi
MWDMT006.BSI,mwdmt006,.bsi
MWDMT007.BSI,mwdmt007,.bsi
MWDMT008.BSI,mwdmt008,.bsi
MWDMT009.BSI,mwdmt009,.bsi
MWDMT010.BSI,mwdmt010,.bsi
MWPNS600.BSI,mwpns600,.bsi
MWPNS601.BSI,mwpns601,.bsi
MWPNS602.BSI,mwpns602,.bsi
MWPNS603.BSI,mwpns603,.bsi
MWPNS604.BSI,mwpns604,.bsi
MWPNS605.BSI,mwpns605,.bsi
MWPNS606.BSI,mwpns606,.bsi
MWPNS607.BSI,mwpns607,.bsi
MWPNS608.BSI,mwpns608,.bsi
MWPNS609.BSI,mwpns609,.bsi
MWPNS610.BSI,mwpns610,.bsi
MWPNS611.BSI,mwpns611,.bsi
MWPNS613.BSI,mwpns613,.bsi
MWPNS614.BSI,mwpns614,.bsi
NAME00.BSI,name00,.bsi
NAME01.BSI,name01,.bsi
NETWRK00.BSI,netwrk00,.bsi
NETWRK01.BSI,netwrk01,.bsi
NETWRK02.BSI,netwrk02,.bsi
NETWRK03.BSI,netwrk03,.bsi
NETWRK04.BSI,netwrk04,.bsi
NEWPLAY.BSI,newplay,.bsi
OLD_ALL.BSI,old_all,.bsi
OPTIONS.BSI,options,.bsi
OPTN00.BSI,optn00,.bsi
OPTN01.BSI,optn01,.bsi
OPTN02.BSI,optn02,.bsi
OPTN03.BSI,optn03,.bsi
OPTN04.BSI,optn04,.bsi
OPTN05.BSI,optn05,.bsi
OPTN06.BSI,optn06,.bsi
OPTN07.BSI,optn07,.bsi
OPTN08.BSI,optn08,.bsi
OPTN09.BSI,optn09,.bsi
OPTNON00.BSI,optnon00,.bsi
OUCH00.BSI,ouch00,.bsi
OVER00.BSI,over00,.bsi
PANEL.BSI,panel,.bsi
PANEL1.BSI,panel1,.bsi
PANEL2.BSI,panel2,.bsi
PARCH.BSI,parch,.bsi
PARCHB.BSI,parchb,.bsi
PATC3.BSI,patc3,.bsi
PATCH.BSI,patch,.bsi
PBED.BSI,pbed,.bsi
PENT.BSI,pent,.bsi
PILA00.BSI,pila00,.bsi
PILA01.BSI,pila01,.bsi
PILA02.BSI,pila02,.bsi
PILA03.BSI,pila03,.bsi
PILL01.BSI,pill01,.bsi
PILLAR01.BSI,pillar01,.bsi
PILR00.BSI,pilr00,.bsi
PILR01.BSI,pilr01,.bsi
PILR02.BSI,pilr02,.bsi
PILR03.BSI,pilr03,.bsi
PILR04.BSI,pilr04,.bsi
PILR05.BSI,pilr05,.bsi
PILR06.BSI,pilr06,.bsi
PILR07.BSI,pilr07,.bsi
PILR08.BSI,pilr08,.bsi
PILR09.BSI,pilr09,.bsi
PILR10.BSI,pilr10,.bsi
PILR11.BSI,pilr11,.bsi
PLAQ01.BSI,plaq01,.bsi
PLST00.BSI,plst00,.bsi
POINT0.BSI,point0,.bsi
POINT1.BSI,point1,.bsi
POOL1.BSI,pool1,.bsi
POOL2.BSI,pool2,.bsi
POOL3.BSI,pool3,.bsi
POOP00.BSI,poop00,.bsi
PORT03.BSI,port03,.bsi
PORT3.BSI,port3,.bsi
POST.BSI,post,.bsi
POST00.BSI,post00,.bsi
POST01.BSI,post01,.bsi
POTN00.BSI,potn00,.bsi
POTN01.BSI,potn01,.bsi
PRESTO2.BSI,presto2,.bsi
PTEMP.BSI,ptemp,.bsi
PTOM01.BSI,ptom01,.bsi
PTOM02.BSI,ptom02,.bsi
PTOM03.BSI,ptom03,.bsi
PTOM04.BSI,ptom04,.bsi
PTOM05.BSI,ptom05,.bsi
PTOM06.BSI,ptom06,.bsi
PTOMBA.BSI,ptomba,.bsi
PTOMS.BSI,ptoms,.bsi
PUNCH0.BSI,punch0,.bsi
PYLN00.BSI,pyln00,.bsi
QUES00.BSI,ques00,.bsi
QUIV00.BSI,quiv00,.bsi
RACE00.BSI,race00,.bsi
RACE01.BSI,race01,.bsi
RACE02.BSI,race02,.bsi
RACE03.BSI,race03,.bsi
RACE04.BSI,race04,.bsi
RACE05.BSI,race05,.bsi
RACEPICK.BSI,racepick,.bsi
RAWIN.BSI,rawin,.bsi
RBED.BSI,rbed,.bsi
RED.BSI,red,.bsi
REDFLAG.BSI,redflag,.bsi
REDTEAM.BSI,redteam,.bsi
REDWOD.BSI,redwod,.bsi
RESTART.BSI,restart,.bsi
RFEA00.BSI,rfea00,.bsi
RFEA01.BSI,rfea01,.bsi
RFEA02.BSI,rfea02,.bsi
RFEA03.BSI,rfea03,.bsi
RFEA04.BSI,rfea04,.bsi
RFEB00.BSI,rfeb00,.bsi
RFEB01.BSI,rfeb01,.bsi
RFEB02.BSI,rfeb02,.bsi
RFEB03.BSI,rfeb03,.bsi
RFEB04.BSI,rfeb04,.bsi
RFED00.BSI,rfed00,.bsi
RFED01.BSI,rfed01,.bsi
RFED02.BSI,rfed02,.bsi
RFED03.BSI,rfed03,.bsi
RFED04.BSI,rfed04,.bsi
RFEE00.BSI,rfee00,.bsi
RFEE01.BSI,rfee01,.bsi
RFEE02.BSI,rfee02,.bsi
RFEE03.BSI,rfee03,.bsi
RFEE04.BSI,rfee04,.bsi
RFEJ00.BSI,rfej00,.bsi
RFEJ01.BSI,rfej01,.bsi
RFEJ02.BSI,rfej02,.bsi
RFEJ03.BSI,rfej03,.bsi
RFEJ04.BSI,rfej04,.bsi
RFER00.BSI,rfer00,.bsi
RFER01.BSI,rfer01,.bsi
RFER02.BSI,rfer02,.bsi
RFER03.BSI,rfer03,.bsi
RFER04.BSI,rfer04,.bsi
RFES00.BSI,rfes00,.bsi
RFES01.BSI,rfes01,.bsi
RFES02.BSI,rfes02,.bsi
RFES03.BSI,rfes03,.bsi
RFES04.BSI,rfes04,.bsi
RFET00.BSI,rfet00,.bsi
RFET01.BSI,rfet01,.bsi
RFET02.BSI,rfet02,.bsi
RFET03.BSI,rfet03,.bsi
RFET04.BSI,rfet04,.bsi
RFEW00.BSI,rfew00,.bsi
RFEW01.BSI,rfew01,.bsi
RFEW02.BSI,rfew02,.bsi
RFEW03.BSI,rfew03,.bsi
RFEW04.BSI,rfew04,.bsi
RFEZ00.BSI,rfez00,.bsi
RFEZ01.BSI,rfez01,.bsi
RFEZ02.BSI,rfez02,.bsi
RFEZ03.BSI,rfez03,.bsi
RFEZ04.BSI,rfez04,.bsi
RISHAAL.BSI,rishaal,.bsi
RMAA00.BSI,rmaa00,.bsi
RMAA01.BSI,rmaa01,.bsi
RMAA02.BSI,rmaa02,.bsi
RMAA03.BSI,rmaa03,.bsi
RMAA04.BSI,rmaa04,.bsi
RMAB00.BSI,rmab00,.bsi
RMAB01.BSI,rmab01,.bsi
RMAB02.BSI,rmab02,.bsi
RMAB03.BSI,rmab03,.bsi
RMAB04.BSI,rmab04,.bsi
RMAC00.BSI,rmac00,.bsi
RMAC01.BSI,rmac01,.bsi
RMAC02.BSI,rmac02,.bsi
RMAC03.BSI,rmac03,.bsi
RMAC04.BSI,rmac04,.bsi
RMAD00.BSI,rmad00,.bsi
RMAD01.BSI,rmad01,.bsi
RMAD02.BSI,rmad02,.bsi
RMAD03.BSI,rmad03,.bsi
RMAD04.BSI,rmad04,.bsi
RMAE00.BSI,rmae00,.bsi
RMAE01.BSI,rmae01,.bsi
RMAE02.BSI,rmae02,.bsi
RMAE03.BSI,rmae03,.bsi
RMAE04.BSI,rmae04,.bsi
RMAJ00.BSI,rmaj00,.bsi
RMAJ01.BSI,rmaj01,.bsi
RMAJ02.BSI,rmaj02,.bsi
RMAJ03.BSI,rmaj03,.bsi
RMAJ04.BSI,rmaj04,.bsi
RMAR00.BSI,rmar00,.bsi
RMAR01.BSI,rmar01,.bsi
RMAR02.BSI,rmar02,.bsi
RMAR03.BSI,rmar03,.bsi
RMAR04.BSI,rmar04,.bsi
RMAS00.BSI,rmas00,.bsi
RMAS01.BSI,rmas01,.bsi
RMAS02.BSI,rmas02,.bsi
RMAS03.BSI,rmas03,.bsi
RMAS04.BSI,rmas04,.bsi
RMAT00.BSI,rmat00,.bsi
RMAT01.BSI,rmat01,.bsi
RMAT02.BSI,rmat02,.bsi
RMAT03.BSI,rmat03,.bsi
RMAT04.BSI,rmat04,.bsi
RMAW00.BSI,rmaw00,.bsi
RMAW01.BSI,rmaw01,.bsi
RMAW02.BSI,rmaw02,.bsi
RMAW03.BSI,rmaw03,.bsi
RMAW04.BSI,rmaw04,.bsi
RMAZ00.BSI,rmaz00,.bsi
RMAZ01.BSI,rmaz01,.bsi
RMAZ02.BSI,rmaz02,.bsi
RMAZ03.BSI,rmaz03,.bsi
RMAZ04.BSI,rmaz04,.bsi
ROCK00.BSI,rock00,.bsi
ROCK01.BSI,rock01,.bsi
ROCK02.BSI,rock02,.bsi
ROOF00.BSI,roof00,.bsi
ROOF01.BSI,roof01,.bsi
ROOF02.BSI,roof02,.bsi
ROOF03.BSI,roof03,.bsi
ROOF04.BSI,roof04,.bsi
ROOF05.BSI,roof05,.bsi
ROOF06.BSI,roof06,.bsi
RSTART.BSI,rstart,.bsi
RUNE00.BSI,rune00,.bsi
SACK.BSI,sack,.bsi
SACK00.BSI,sack00,.bsi
SACK01.BSI,sack01,.bsi
SACK02.BSI,sack02,.bsi
SACK03.BSI,sack03,.bsi
SACK04.BSI,sack04,.bsi
SAIL.BSI,sail,.bsi
SAND10.BSI,sand10,.bsi
SAND11.BSI,sand11,.bsi
SAPH.BSI,saph,.bsi
SAVE.BSI,save,.bsi
SCREEN00.BSI,screen00,.bsi
SCREEN01.BSI,screen01,.bsi
SCREEN02.BSI,screen02,.bsi
SCRL00.BSI,scrl00,.bsi
SCRL01.BSI,scrl01,.bsi
SCRL02.BSI,scrl02,.bsi
SCRL03.BSI,scrl03,.bsi
SCRL04.BSI,scrl04,.bsi
SCRL05.BSI,scrl05,.bsi
SCRN01.BSI,scrn01,.bsi
SDCA00.BSI,sdca00,.bsi
SDCA01.BSI,sdca01,.bsi
SDCA02.BSI,sdca02,.bsi
SDCA03.BSI,sdca03,.bsi
SDCA04.BSI,sdca04,.bsi
SDCD00.BSI,sdcd00,.bsi
SDCD01.BSI,sdcd01,.bsi
SDCD02.BSI,sdcd02,.bsi
SDCD03.BSI,sdcd03,.bsi
SDCD04.BSI,sdcd04,.bsi
SDCS00.BSI,sdcs00,.bsi
SDCS01.BSI,sdcs01,.bsi
SDCS02.BSI,sdcs02,.bsi
SDCS03.BSI,sdcs03,.bsi
SDCS04.BSI,sdcs04,.bsi
SDCW00.BSI,sdcw00,.bsi
SDCW01.BSI,sdcw01,.bsi
SDCW02.BSI,sdcw02,.bsi
SDCW03.BSI,sdcw03,.bsi
SDCW04.BSI,sdcw04,.bsi
SEWR00.BSI,sewr00,.bsi
SEWR01.BSI,sewr01,.bsi
SEWR02.BSI,sewr02,.bsi
SEWR03.BSI,sewr03,.bsi
SEWR04.BSI,sewr04,.bsi
SHEET1.BSI,sheet1,.bsi
SHELL.BSI,shell,.bsi
SIGL00.BSI,sigl00,.bsi
SIGN.BSI,sign,.bsi
SIGN2.BSI,sign2,.bsi
SIRRAN.BSI,sirran,.bsi
SKEL00W0.BSI,skel00w0,.bsi
SKLA00.BSI,skla00,.bsi
SKLA01.BSI,skla01,.bsi
SKLA02.BSI,skla02,.bsi
SKLA03.BSI,skla03,.bsi
SKLA04.BSI,skla04,.bsi
SKLD00.BSI,skld00,.bsi
SKLD01.BSI,skld01,.bsi
SKLD02.BSI,skld02,.bsi
SKLD03.BSI,skld03,.bsi
SKLD04.BSI,skld04,.bsi
SKLS00.BSI,skls00,.bsi
SKLS01.BSI,skls01,.bsi
SKLS02.BSI,skls02,.bsi
SKLS03.BSI,skls03,.bsi
SKLS04.BSI,skls04,.bsi
SKLW00.BSI,sklw00,.bsi
SKLW01.BSI,sklw01,.bsi
SKLW02.BSI,sklw02,.bsi
SKLW03.BSI,sklw03,.bsi
SKLW04.BSI,sklw04,.bsi
SKUL00.BSI,skul00,.bsi
SKUL01.BSI,skul01,.bsi
SKUL02.BSI,skul02,.bsi
SKY000.BSI,sky000,.bsi
SKY001.BSI,sky001,.bsi
SKY002.BSI,sky002,.bsi
SKY003.BSI,sky003,.bsi
SKY004.BSI,sky004,.bsi
SKY005.BSI,sky005,.bsi
SKY006.BSI,sky006,.bsi
SKY1.BSI,sky1,.bsi
SKYBAK.BSI,skybak,.bsi
SKY_00.BSI,sky_00,.bsi
SKY_01.BSI,sky_01,.bsi
SKY_02.BSI,sky_02,.bsi
SLAB.BSI,slab,.bsi
SLCT00.BSI,slct00,.bsi
SMPA00.BSI,smpa00,.bsi
SMPA01.BSI,smpa01,.bsi
SMPA02.BSI,smpa02,.bsi
SMPA03.BSI,smpa03,.bsi
SMPA04.BSI,smpa04,.bsi
SMPA90.BSI,smpa90,.bsi
SMPA91.BSI,smpa91,.bsi
SMPA92.BSI,smpa92,.bsi
SMPA93.BSI,smpa93,.bsi
SMPA94.BSI,smpa94,.bsi
SMPD00.BSI,smpd00,.bsi
SMPD01.BSI,smpd01,.bsi
SMPD02.BSI,smpd02,.bsi
SMPD03.BSI,smpd03,.bsi
SMPD04.BSI,smpd04,.bsi
SMPD90.BSI,smpd90,.bsi
SMPD91.BSI,smpd91,.bsi
SMPD92.BSI,smpd92,.bsi
SMPD93.BSI,smpd93,.bsi
SMPD94.BSI,smpd94,.bsi
SMPS00.BSI,smps00,.bsi
SMPS01.BSI,smps01,.bsi
SMPS02.BSI,smps02,.bsi
SMPS03.BSI,smps03,.bsi
SMPS04.BSI,smps04,.bsi
SMPS90.BSI,smps90,.bsi
SMPS91.BSI,smps91,.bsi
SMPS92.BSI,smps92,.bsi
SMPS93.BSI,smps93,.bsi
SMPS94.BSI,smps94,.bsi
SMPW00.BSI,smpw00,.bsi
SMPW01.BSI,smpw01,.bsi
SMPW02.BSI,smpw02,.bsi
SMPW03.BSI,smpw03,.bsi
SMPW04.BSI,smpw04,.bsi
SMPW90.BSI,smpw90,.bsi
SMPW91.BSI,smpw91,.bsi
SMPW92.BSI,smpw92,.bsi
SMPW93.BSI,smpw93,.bsi
SMPW94.BSI,smpw94,.bsi
SMP_BAK.BAT,smp_bak,.bat
SMRCK.BSI,smrck,.bsi
SMTH00.BSI,smth00,.bsi
SMTH01.BSI,smth01,.bsi
SMTH02.BSI,smth02,.bsi
SMTH03.BSI,smth03,.bsi
SMTH04.BSI,smth04,.bsi
SMTH05.BSI,smth05,.bsi
SNEK00.BSI,snek00,.bsi
SNRO00.BSI,snro00,.bsi
SOUP.BSI,soup,.bsi
SPDA00.BSI,spda00,.bsi
SPDA01.BSI,spda01,.bsi
SPDA02.BSI,spda02,.bsi
SPDA03.BSI,spda03,.bsi
SPDA04.BSI,spda04,.bsi
SPDD00.BSI,spdd00,.bsi
SPDD01.BSI,spdd01,.bsi
SPDD02.BSI,spdd02,.bsi
SPDD03.BSI,spdd03,.bsi
SPDD04.BSI,spdd04,.bsi
SPDS00.BSI,spds00,.bsi
SPDS01.BSI,spds01,.bsi
SPDS02.BSI,spds02,.bsi
SPDS03.BSI,spds03,.bsi
SPDS04.BSI,spds04,.bsi
SPDW00.BSI,spdw00,.bsi
SPDW01.BSI,spdw01,.bsi
SPDW02.BSI,spdw02,.bsi
SPDW03.BSI,spdw03,.bsi
SPDW04.BSI,spdw04,.bsi
SPEL00.BSI,spel00,.bsi
SPEL01.BSI,spel01,.bsi
SPEL02.BSI,spel02,.bsi
SPEL03.BSI,spel03,.bsi
SPEL04.BSI,spel04,.bsi
SPEL05.BSI,spel05,.bsi
SPEL06.BSI,spel06,.bsi
SPEL07.BSI,spel07,.bsi
SPEL08.BSI,spel08,.bsi
SPELL.BSI,spell,.bsi
SPIKE.BSI,spike,.bsi
SPMENU.BSI,spmenu,.bsi
SPMENU00.BSI,spmenu00,.bsi
SPOOL1.BSI,spool1,.bsi
START.BSI,start,.bsi
STEEL01.BSI,steel01,.bsi
STEEL02.BSI,steel02,.bsi
STEEL03.BSI,steel03,.bsi
STEEL04.BSI,steel04,.bsi
STEL01.BSI,stel01,.bsi
STEL02.BSI,stel02,.bsi
STEL03.BSI,stel03,.bsi
STEL04.BSI,stel04,.bsi
STEP00.BSI,step00,.bsi
STEP01.BSI,step01,.bsi
STEP02.BSI,step02,.bsi
STEP03.BSI,step03,.bsi
STON01.BSI,ston01,.bsi
STON02.BSI,ston02,.bsi
STON03.BSI,ston03,.bsi
STON04.BSI,ston04,.bsi
STON05.BSI,ston05,.bsi
STONE01.BSI,stone01,.bsi
STONE02.BSI,stone02,.bsi
STONE03.BSI,stone03,.bsi
STONE04.BSI,stone04,.bsi
STONE05.BSI,stone05,.bsi
STRBAK.BSI,strbak,.bsi
STRSKY.BSI,strsky,.bsi
STRT01.BSI,strt01,.bsi
STRUT01.BSI,strut01,.bsi
STUFF.BSI,stuff,.bsi
SUMEER.BSI,sumeer,.bsi
SURE00.BSI,sure00,.bsi
SWIRL.BSI,swirl,.bsi
SWIRL2.BSI,swirl2,.bsi
SWRD00.BSI,swrd00,.bsi
SWRD01.BSI,swrd01,.bsi
SWRD02.BSI,swrd02,.bsi
SYMB00.BSI,symb00,.bsi
SYMB01.BSI,symb01,.bsi
SYMB02.BSI,symb02,.bsi
SYMB03.BSI,symb03,.bsi
SYMB04.BSI,symb04,.bsi
SYMB05.BSI,symb05,.bsi
SYMB06.BSI,symb06,.bsi
SYMB07.BSI,symb07,.bsi
SYMB08.BSI,symb08,.bsi
SYMB09.BSI,symb09,.bsi
SYMB10.BSI,symb10,.bsi
SYMB11.BSI,symb11,.bsi
SYMB12.BSI,symb12,.bsi
SYMB13.BSI,symb13,.bsi
SYMB14.BSI,symb14,.bsi
SYMB15.BSI,symb15,.bsi
SYMB16.BSI,symb16,.bsi
SYMB17.BSI,symb17,.bsi
SYMB18.BSI,symb18,.bsi
SYMB19.BSI,symb19,.bsi
SYMB20.BSI,symb20,.bsi
SYMB21.BSI,symb21,.bsi
SYMB22.BSI,symb22,.bsi
SYMB23.BSI,symb23,.bsi
SYMB24.BSI,symb24,.bsi
SYMB25.BSI,symb25,.bsi
SYMB26.BSI,symb26,.bsi
SYNCH00.BSI,synch00,.bsi
TABL00.BSI,tabl00,.bsi
TABL01.BSI,tabl01,.bsi
TABL02.BSI,tabl02,.bsi
TABL03.BSI,tabl03,.bsi
TALY00.BSI,taly00,.bsi
TAPS00.BSI,taps00,.bsi
TAPS01.BSI,taps01,.bsi
TBLS1.BSI,tbls1,.bsi
TBLS2.BSI,tbls2,.bsi
TEAMPIX.BSI,teampix,.bsi
TELEPORT.BSI,teleport,.bsi
TEMP00.BSI,temp00,.bsi
TEMP3W.BSI,temp3w,.bsi
TENT00.BSI,tent00,.bsi
TERR00.BSI,terr00,.bsi
TERR01.BSI,terr01,.bsi
TERR02.BSI,terr02,.bsi
TERR03.BSI,terr03,.bsi
TERR04.BSI,terr04,.bsi
TERR05.BSI,terr05,.bsi
TERR06.BSI,terr06,.bsi
TERR07.BSI,terr07,.bsi
TERR08.BSI,terr08,.bsi
TERR09.BSI,terr09,.bsi
TERR10.BSI,terr10,.bsi
TERR11.BSI,terr11,.bsi
TERR12.BSI,terr12,.bsi
TERR13.BSI,terr13,.bsi
TERR14.BSI,terr14,.bsi
TERR15.BSI,terr15,.bsi
TERR16.BSI,terr16,.bsi
TERR17.BSI,terr17,.bsi
TERR18.BSI,terr18,.bsi
TERR19.BSI,terr19,.bsi
TERR20.BSI,terr20,.bsi
TERR21.BSI,terr21,.bsi
TERR22.BSI,terr22,.bsi
TERR23.BSI,terr23,.bsi
TERR24.BSI,terr24,.bsi
TERR25.BSI,terr25,.bsi
TERR26.BSI,terr26,.bsi
TERR27.BSI,terr27,.bsi
TERR28.BSI,terr28,.bsi
TERR29.BSI,terr29,.bsi
TERR30.BSI,terr30,.bsi
TERR31.BSI,terr31,.bsi
TERR32.BSI,terr32,.bsi
TERR33.BSI,terr33,.bsi
TERR34.BSI,terr34,.bsi
TERR35.BSI,terr35,.bsi
TEST0.BSI,test0,.bsi
TEST1.BSI,test1,.bsi
TEXTBK.BSI,textbk,.bsi
TIGR00.BSI,tigr00,.bsi
TILE10.BSI,tile10,.bsi
TILE11.BSI,tile11,.bsi
TILE12.BSI,tile12,.bsi
TILE13.BSI,tile13,.bsi
TILE14.BSI,tile14,.bsi
TILES.BSI,tiles,.bsi
TMP.LST,tmp,.lst
TOILET.BSI,toilet,.bsi
TORTA.BSI,torta,.bsi
TORTB.BSI,tortb,.bsi
TOWR00.BSI,towr00,.bsi
TOWR01.BSI,towr01,.bsi
TPORT1.BSI,tport1,.bsi
TPORT2.BSI,tport2,.bsi
TPORT3.BSI,tport3,.bsi
TPORT4.BSI,tport4,.bsi
TPORT5.BSI,tport5,.bsi
TPORT6.BSI,tport6,.bsi
TPSY00.BSI,tpsy00,.bsi
TREB.BSI,treb,.bsi
TREE.BSI,tree,.bsi
TRIGGER.BSI,trigger,.bsi
TROPE.BSI,trope,.bsi
TSIGN.BSI,tsign,.bsi
TSKY00.BSI,tsky00,.bsi
TUBE.BSI,tube,.bsi
TUREYE.BSI,tureye,.bsi
TURTLE.BSI,turtle,.bsi
TWINKLE.BSI,twinkle,.bsi
UNDER.BSI,under,.bsi
USER.BSI,user,.bsi
VATASHA.BSI,vatasha,.bsi
VATCHILD.BSI,vatchild,.bsi
VERA00.BSI,vera00,.bsi
VERA01.BSI,vera01,.bsi
VERA02.BSI,vera02,.bsi
VERA03.BSI,vera03,.bsi
VERA04.BSI,vera04,.bsi
VERA90.BSI,vera90,.bsi
VERA91.BSI,vera91,.bsi
VERA92.BSI,vera92,.bsi
VERA93.BSI,vera93,.bsi
VERA94.BSI,vera94,.bsi
VERD00.BSI,verd00,.bsi
VERD01.BSI,verd01,.bsi
VERD02.BSI,verd02,.bsi
VERD03.BSI,verd03,.bsi
VERD04.BSI,verd04,.bsi
VERD90.BSI,verd90,.bsi
VERD91.BSI,verd91,.bsi
VERD92.BSI,verd92,.bsi
VERD93.BSI,verd93,.bsi
VERD94.BSI,verd94,.bsi
VERS00.BSI,vers00,.bsi
VERS01.BSI,vers01,.bsi
VERS02.BSI,vers02,.bsi
VERS03.BSI,vers03,.bsi
VERS04.BSI,vers04,.bsi
VERS90.BSI,vers90,.bsi
VERS91.BSI,vers91,.bsi
VERS92.BSI,vers92,.bsi
VERS93.BSI,vers93,.bsi
VERS94.BSI,vers94,.bsi
VERW00.BSI,verw00,.bsi
VERW01.BSI,verw01,.bsi
VERW02.BSI,verw02,.bsi
VERW03.BSI,verw03,.bsi
VERW04.BSI,verw04,.bsi
VERW90.BSI,verw90,.bsi
VERW91.BSI,verw91,.bsi
VERW92.BSI,verw92,.bsi
VERW93.BSI,verw93,.bsi
VERW94.BSI,verw94,.bsi
VIEW.BSI,view,.bsi
VIEW00.BSI,view00,.bsi
VIEW01.BSI,view01,.bsi
VIEW02.BSI,view02,.bsi
VOLC00.BSI,volc00,.bsi
VOLC01.BSI,volc01,.bsi
WAL12B.BSI,wal12b,.bsi
WALL00.BSI,wall00,.bsi
WALL01.BSI,wall01,.bsi
WALL02.BSI,wall02,.bsi
WALL03.BSI,wall03,.bsi
WALL04.BSI,wall04,.bsi
WALL05.BSI,wall05,.bsi
WALL06.BSI,wall06,.bsi
WALL07.BSI,wall07,.bsi
WALL08.BSI,wall08,.bsi
WALL09.BSI,wall09,.bsi
WALL10.BSI,wall10,.bsi
WALL11.BSI,wall11,.bsi
WALL12.BSI,wall12,.bsi
WALL13.BSI,wall13,.bsi
WALL14.BSI,wall14,.bsi
WALL15.BSI,wall15,.bsi
WALL16.BSI,wall16,.bsi
WALL17.BSI,wall17,.bsi
WALL18.BSI,wall18,.bsi
WALL19.BSI,wall19,.bsi
WALL20.BSI,wall20,.bsi
WALL21.BSI,wall21,.bsi
WALL22.BSI,wall22,.bsi
WALL23.BSI,wall23,.bsi
WALL24.BSI,wall24,.bsi
WALL25.BSI,wall25,.bsi
WALL26.BSI,wall26,.bsi
WALL27.BSI,wall27,.bsi
WALL28.BSI,wall28,.bsi
WALL29.BSI,wall29,.bsi
WALL30.BSI,wall30,.bsi
WALL31.BSI,wall31,.bsi
WALL32.BSI,wall32,.bsi
WALL33.BSI,wall33,.bsi
WALL34.BSI,wall34,.bsi
WALL35.BSI,wall35,.bsi
WALL36.BSI,wall36,.bsi
WALL37.BSI,wall37,.bsi
WALL38.BSI,wall38,.bsi
WALL39.BSI,wall39,.bsi
WALL40.BSI,wall40,.bsi
WALL41.BSI,wall41,.bsi
WALL42.BSI,wall42,.bsi
WALL43.BSI,wall43,.bsi
WALL50.BSI,wall50,.bsi
WALL51.BSI,wall51,.bsi
WALL52.BSI,wall52,.bsi
WALL53.BSI,wall53,.bsi
WALL54.BSI,wall54,.bsi
WALL55.BSI,wall55,.bsi
WALL56.BSI,wall56,.bsi
WALL57.BSI,wall57,.bsi
WALL58.BSI,wall58,.bsi
WALL59.BSI,wall59,.bsi
WALL60.BSI,wall60,.bsi
WALL61.BSI,wall61,.bsi
WALL62.BSI,wall62,.bsi
WALL63.BSI,wall63,.bsi
WALL64.BSI,wall64,.bsi
WALL65.BSI,wall65,.bsi
WALL66.BSI,wall66,.bsi
WALL67.BSI,wall67,.bsi
WALL68.BSI,wall68,.bsi
WALL69.BSI,wall69,.bsi
WALL70.BSI,wall70,.bsi
WALL71.BSI,wall71,.bsi
WALL72.BSI,wall72,.bsi
WALL73.BSI,wall73,.bsi
WALL74.BSI,wall74,.bsi
WALL75.BSI,wall75,.bsi
WALL76.BSI,wall76,.bsi
WALL77.BSI,wall77,.bsi
WALL78.BSI,wall78,.bsi
WALL79.BSI,wall79,.bsi
WALL80.BSI,wall80,.bsi
WALL81.BSI,wall81,.bsi
WALL82.BSI,wall82,.bsi
WALL83.BSI,wall83,.bsi
WALL84.BSI,wall84,.bsi
WALL85.BSI,wall85,.bsi
WALL86.BSI,wall86,.bsi
WALL87.BSI,wall87,.bsi
WALL88.BSI,wall88,.bsi
WALL89.BSI,wall89,.bsi
WALL90.BSI,wall90,.bsi
WALL91.BSI,wall91,.bsi
WALL92.BSI,wall92,.bsi
WALL93.BSI,wall93,.bsi
WALL94.BSI,wall94,.bsi
WALL95.BSI,wall95,.bsi
WALL96.BSI,wall96,.bsi
WALL97.BSI,wall97,.bsi
WALL98.BSI,wall98,.bsi
WALL99.BSI,wall99,.bsi
WARGN.BSI,wargn,.bsi
WATER.BSI,water,.bsi
WATER2.BSI,water2,.bsi
WATF1B.BSI,watf1b,.bsi
WATF2B.BSI,watf2b,.bsi
WATF3B.BSI,watf3b,.bsi
WATFA1.BSI,watfa1,.bsi
WATFA2.BSI,watfa2,.bsi
WATFA3.BSI,watfa3,.bsi
WATFALB1.BSI,watfalb1,.bsi
WATFALB2.BSI,watfalb2,.bsi
WATFALB3.BSI,watfalb3,.bsi
WATFALS1.BSI,watfals1,.bsi
WATFALS2.BSI,watfals2,.bsi
WATFALS3.BSI,watfals3,.bsi
WEAP.BSI,weap,.bsi
WEAP00.BSI,weap00,.bsi
WEAP01.BSI,weap01,.bsi
WEAP02.BSI,weap02,.bsi
WEAP03.BSI,weap03,.bsi
WEAP04.BSI,weap04,.bsi
WEAP05.BSI,weap05,.bsi
WEAP06.BSI,weap06,.bsi
WEAP07.BSI,weap07,.bsi
WEAP08.BSI,weap08,.bsi
WEAP09.BSI,weap09,.bsi
WEAP10.BSI,weap10,.bsi
WEAP11.BSI,weap11,.bsi
WEAP12.BSI,weap12,.bsi
WEAP13.BSI,weap13,.bsi
WEAP14.BSI,weap14,.bsi
WEAP15.BSI,weap15,.bsi
WEAP16.BSI,weap16,.bsi
WEAP17.BSI,weap17,.bsi
WEAP18.BSI,weap18,.bsi
WEAP19.BSI,weap19,.bsi
WEAP20.BSI,weap20,.bsi
WEAP21.BSI,weap21,.bsi
WEAP22.BSI,weap22,.bsi
WEAP23.BSI,weap23,.bsi
WEAP24.BSI,weap24,.bsi
WEAP25.BSI,weap25,.bsi
WEAP26.BSI,weap26,.bsi
WEAP27.BSI,weap27,.bsi
WEAP28.BSI,weap28,.bsi
WEAP29.BSI,weap29,.bsi
WEAP30.BSI,weap30,.bsi
WEAP31.BSI,weap31,.bsi
WEAP32.BSI,weap32,.bsi
WEAP33.BSI,weap33,.bsi
WEAP34.BSI,weap34,.bsi
WEAP35.BSI,weap35,.bsi
WEAP36.BSI,weap36,.bsi
WEAP37.BSI,weap37,.bsi
WEAP38.BSI,weap38,.bsi
WEAP39.BSI,weap39,.bsi
WEAP40.BSI,weap40,.bsi
WEAP41.BSI,weap41,.bsi
WFAL00.BSI,wfal00,.bsi
WFLOOR.BSI,wfloor,.bsi
WHEEL.BSI,wheel,.bsi
WHEL00.BSI,whel00,.bsi
WHITE.BSI,white,.bsi
WIER00.BSI,wier00,.bsi
WIER01.BSI,wier01,.bsi
WIER02.BSI,wier02,.bsi
WIER03.BSI,wier03,.bsi
WIER04.BSI,wier04,.bsi
WIND1.BSI,wind1,.bsi
WIND2.BSI,wind2,.bsi
WIND3.BSI,wind3,.bsi
WIND4.BSI,wind4,.bsi
WIND5.BSI,wind5,.bsi
WIND6.BSI,wind6,.bsi
WIND7.BSI,wind7,.bsi
WIND8.BSI,wind8,.bsi
WINO10.BSI,wino10,.bsi
WIPE00.BSI,wipe00,.bsi
WONSH00.BSI,wonsh00,.bsi
WOOD00.BSI,wood00,.bsi
WOOD01.BSI,wood01,.bsi
WOOD06.BSI,wood06,.bsi
WOOD07.BSI,wood07,.bsi
WOOD08.BSI,wood08,.bsi
WOOD09.BSI,wood09,.bsi
WOOD10.BSI,wood10,.bsi
WOOD11.BSI,wood11,.bsi
WOOD12.BSI,wood12,.bsi
WOOD13.BSI,wood13,.bsi
WOOD14.BSI,wood14,.bsi
WOOD15.BSI,wood15,.bsi
WOOD16.BSI,wood16,.bsi
WOOD17.BSI,wood17,.bsi
WOOD18.BSI,wood18,.bsi
WOOD19.BSI,wood19,.bsi
WOOD20.BSI,wood20,.bsi
WOOD21.BSI,wood21,.bsi
WOOD22.BSI,wood22,.bsi
WOOD23.BSI,wood23,.bsi
WOOD24.BSI,wood24,.bsi
WTHA00.BSI,wtha00,.bsi
WTHA01.BSI,wtha01,.bsi
WTHA02.BSI,wtha02,.bsi
WTHA03.BSI,wtha03,.bsi
WTHA04.BSI,wtha04,.bsi
WTHD00.BSI,wthd00,.bsi
WTHD01.BSI,wthd01,.bsi
WTHD02.BSI,wthd02,.bsi
WTHD03.BSI,wthd03,.bsi
WTHD04.BSI,wthd04,.bsi
WTHS00.BSI,wths00,.bsi
WTHS01.BSI,wths01,.bsi
WTHS02.BSI,wths02,.bsi
WTHS03.BSI,wths03,.bsi
WTHS04.BSI,wths04,.bsi
WTHW00.BSI,wthw00,.bsi
WTHW01.BSI,wthw01,.bsi
WTHW02.BSI,wthw02,.bsi
WTHW03.BSI,wthw03,.bsi
WTHW04.BSI,wthw04,.bsi
WWAL00.BSI,wwal00,.bsi
WWHEEL2.BSI,wwheel2,.bsi
XIIVILAI.BSI,xiivilai,.bsi
ZENAIDA.BSI,zenaida,.bsi
